-- phpMyAdmin SQL Dump
-- version 4.6.5.2
-- https://www.phpmyadmin.net/
--
-- Máy chủ: 127.0.0.1
-- Thời gian đã tạo: Th5 26, 2017 lúc 11:00 CH
-- Phiên bản máy phục vụ: 10.1.21-MariaDB
-- Phiên bản PHP: 5.6.30

SET SQL_MODE = "NO_AUTO_VALUE_ON_ZERO";
SET time_zone = "+00:00";


/*!40101 SET @OLD_CHARACTER_SET_CLIENT=@@CHARACTER_SET_CLIENT */;
/*!40101 SET @OLD_CHARACTER_SET_RESULTS=@@CHARACTER_SET_RESULTS */;
/*!40101 SET @OLD_COLLATION_CONNECTION=@@COLLATION_CONNECTION */;
/*!40101 SET NAMES utf8mb4 */;

--
-- Cơ sở dữ liệu: `db`
--

-- --------------------------------------------------------

--
-- Cấu trúc bảng cho bảng `account`
--

CREATE TABLE `account` (
  `email` varchar(200) COLLATE utf8_unicode_ci NOT NULL,
  `pass` varchar(1000) COLLATE utf8_unicode_ci NOT NULL,
  `name` varchar(200) COLLATE utf8_unicode_ci NOT NULL COMMENT 'họ tên',
  `sex` varchar(100) COLLATE utf8_unicode_ci NOT NULL COMMENT ' giới tính',
  `tel` int(11) NOT NULL COMMENT 'sdt',
  `idcity` int(200) NOT NULL COMMENT 'id tỉnh thành',
  `district` varchar(200) COLLATE utf8_unicode_ci NOT NULL COMMENT 'quận huyện',
  `address` varchar(1000) COLLATE utf8_unicode_ci NOT NULL COMMENT 'địa chỉ',
  `checkDelete` int(11) NOT NULL DEFAULT '0' COMMENT 'xóa thì thành 1'
) ENGINE=InnoDB DEFAULT CHARSET=utf8 COLLATE=utf8_unicode_ci;

--
-- Đang đổ dữ liệu cho bảng `account`
--

INSERT INTO `account` (`email`, `pass`, `name`, `sex`, `tel`, `idcity`, `district`, `address`, `checkDelete`) VALUES
('1@gmail.com', '7c4a8d09ca3762af61e59520943dc26494f8941b', 'Phan Đức Tuấn', 'Nam', 123, 18, 'tan phu', '123', 0),
('2@gmail.com', '123456', 'tuan', 'nam', 123, 0, '', '', 0),
('abc@gmail.com', '123456', 'tuan', 'Male', 123, 3, 'Tân Phú', '86 Nguyễn Văn yến', 0),
('cuco.ductuan.96@gmail.com', '5d9023c56311cca558b396da207f23efce2762c8', 'Tuan', 'Nam', 123, 18, 'ádasd', 'ádasdasd', 0);

-- --------------------------------------------------------

--
-- Cấu trúc bảng cho bảng `author`
--

CREATE TABLE `author` (
  `idauthor` int(11) NOT NULL,
  `name` varchar(200) COLLATE utf8_unicode_ci NOT NULL,
  `info` varchar(1000) COLLATE utf8_unicode_ci NOT NULL,
  `checkDelete` int(11) NOT NULL DEFAULT '0' COMMENT 'xóa thì thành 1'
) ENGINE=InnoDB DEFAULT CHARSET=utf8 COLLATE=utf8_unicode_ci COMMENT='tác giả';

--
-- Đang đổ dữ liệu cho bảng `author`
--

INSERT INTO `author` (`idauthor`, `name`, `info`, `checkDelete`) VALUES
(1, ' Ryu Murakami', 'Ryu Murakami sinh năm 1952 từng được tạp chí Times bình chọn là \"một trong mười mọt người cách-mạng-hóa Nhật Bản\"\r\nNăm 1976 đoạt giải Tác giả mới - Gunzo và Giải Akutagawa, giải văn học cao quý nhất Nhật Bản.\r\nLối diễn đạt ngổ ngáo có khi trắng trợn của ông không khiêu khích nhưng vẫn chênh vênh ở bờ vực phong hóa, làm những nhà đạo đức phải nhăn mặt.\r\nTác phẩm của ông giúp người ngoại quốc thấy được mặt trái của Nhật Bản, đất nước của trà đạo, thư pháp, kimono, kabuki, hoa anh đào...còn đầy cả tham nhũng, dâm thư, những hình thái trụy lạc đến phi nhân.', 0),
(2, ' Blogradio.vn ', '', 0),
(3, 'Nguyễn Thanh Huy', '', 0),
(4, 'Phan Đức Tuấn', '', 0),
(5, 'Huỳnh Thanh Danh', '', 0),
(6, 'Gào', 'Gào (Vũ Phương Thanh) sinh năm 1988, thuộc thế hệ những nhà văn cuối thời 8X. Trong vài ba năm trở lại đây, cái tên Gào đã gây được sự chú ý trên văn đàn, đặc biệt đối với giới trẻ tuổi teen yêu văn học. Cô là một blogger đính đám và được cộng đồng mạng phong danh là \"nhà văn hotgirl\". Với 2 tiểu thuyết Cho em gần anh thêm chút nữa (2009); Nhật ký son môi (2010), cái tên Gào mới chỉ được ít nhiều người biết tới nhưng khi Tự sát chính thức ra mắt, cái tên Gào – Vũ Phương Thanh đã thực sự đình đám và rùm beng. Trước khi tiểu thuyết Tự sát phát hành, 6 chương đầu được tung lên mạng đã thu hút hơn 2 triệu lượt view chỉ trong vòng 1 tháng', 0),
(7, 'Gào', 'Gào (Vũ Phương Thanh) sinh năm 1988, thuộc thế hệ những nhà văn cuối thời 8X. Trong vài ba năm trở lại đây, cái tên Gào đã gây được sự chú ý trên văn đàn, đặc biệt đối với giới trẻ tuổi teen yêu văn học. Cô là một blogger đính đám và được cộng đồng mạng phong danh là \"nhà văn hotgirl\". Với 2 tiểu thuyết Cho em gần anh thêm chút nữa (2009); Nhật ký son môi (2010), cái tên Gào mới chỉ được ít nhiều người biết tới nhưng khi Tự sát chính thức ra mắt, cái tên Gào – Vũ Phương Thanh đã thực sự đình đám và rùm beng. Trước khi tiểu thuyết Tự sát phát hành, 6 chương đầu được tung lên mạng đã thu hút hơn 2 triệu lượt view chỉ trong vòng 1 tháng.', 0),
(8, 'Lê Nguyên Sơn', '', 0),
(9, 'Nguyễn Phi Đồng', '', 0),
(10, 'Nguyễn Nhật Trường', '', 0),
(11, 'Lãnh Tụ Tối Cao', '', 0),
(12, 'Toàn Phong', '', 0),
(13, 'Thỏ Ngọc', '', 0),
(14, 'Thiên Lĩnh', '', 0),
(15, 'Thiên Tôn', '', 0),
(16, 'Sherlock', '', 0),
(17, 'Thiên Ngọc Minh Uy', '', 0),
(18, 'Ngọc Mai', '', 0),
(19, 'Hiểu Ngọc', '', 0),
(20, 'Hiểu Minh', '', 0),
(21, 'Phạm Băng', '', 0),
(22, 'Lý Nhân', '', 0),
(23, 'Cống Nhu', '', 0),
(24, 'Kiều Oanh', '', 0),
(25, 'Hải Nam', '', 0),
(26, 'Dưỡng Anh Nguyễn', 'Chức hiệu chuyên khoa “Registered Nutritional Therapy Practitioner” công nhận tại Anh và châu Âu\r\n \r\n- Là hội viên của Hiệp hội Dinh dưỡng Lâm sang Anh Quốc \r\n \r\n- Đại sứ Y tế năm 2015 và 2016 cho chăm sóc sức khỏe trẻ em tại Anh\r\n \r\n- Giám đốc bộ phận tư vấn Nhi khoa của HIDADDI Nutrition for Family & Child', 0),
(27, 'Thái Hòa', '', 0),
(28, 'Trung Hậu', '', 0),
(29, 'Bảo Ngọc', '', 0),
(30, 'Anh Tuấn', '', 0),
(31, 'Phạm Hải Đào', '', 0),
(32, 'Nguyễn Trí', 'Nguyễn Trí sinh năm 1956 tại Bình Định, nguyên quán Quảng Bình. Ông từng kinh qua các nghề: đãi vàng, đá quý, khai thác trầm hương, chặt củi đốt than, nấu đường lậu, cưa kéo...Dậy Anh văn hợp đồng được 7 năm, làm đồ tể chừng đó năm nữa, nghĩa là vừa dạy học vừa làm đồ tể.\r\nSau đó Nguyễn Trí lên tp.HCM chạy xe ôm ở bến Bạch Đằng vài năm. Về Đồng Nai làm công nhân đến tháng 12-2012 thì nghỉ việc vì có tuổi. Đang ở nhà \"kẻ chân mày cho vợ\"', 0),
(33, 'Phan Ý Yên', 'Phan Ý Yên sinh ngày 27/02 tên thật là Nguyễn Hoàng Phương Thảo. Hiện tại cô đang sống và làm việc tại TP. Hồ Chí Minh. \r\nCô cũng là tác giả gắn liền với những truyện ngắn dành cho tuổi Teen trên báo Hoa học, bộ sách kỷ niệm 10 năm của 2! Hãy nói yêu thôi đừng nói yêu mãi mãi.\r\n ', 0),
(34, 'Thái Cường', '', 0),
(35, 'Trịnh Hải Yến', '', 0),
(36, 'Nguyễn Ngọc Tư', '', 0),
(37, 'Hữu Mai', '', 0),
(38, 'Amada Huỳnh', '\r\nAmanda Huỳnh là tác giả của tập truyện ngắn và tản văn LAM vừa xuất bản vào tháng 7.2016; các câu chuyện và tranh vẽ rực rỡ về tuổi thanh xuân với những được-mất, trong bối cảnh  Paris cổ kính lãng mạn đã gây ấn tượng mạnh với độc giả. Sách đã nhanh chóng được tái bản ngay sau khi ra mắt.', 0),
(39, 'Tân Phạm', '- Tên thật là Phạm Chí Tâm\r\n- Bút danh: Tâm Phạm, TthanPham\r\n- Sinh ngày 24/02/1990 tại Củ Chi, Sài Gòn\r\n- Nghề nghiệp: Công nghệ thông tin, thương mại điện tử', 0),
(40, 'Nguyễn Thị Thùy Vũ', '', 0),
(41, 'Nguyễn Thị Thùy Vũ', '', 0),
(42, 'Nguyễn Thị Thùy Vũ', '', 0),
(43, 'Tô Hải Vân', '', 0),
(44, 'Nhật Lan', '', 0),
(45, 'Đoàn Thạch Điền', 'Đoàn Thạch Biền sinh ngày 10/5/1948 tại Nam Định, là một nhà văn, nhà báo Việt Nam. Ông từng theo học tiểu học tại Hội An, trung học ở Đà Nẵng, đại học ở Sài Gòn và dạy học ở Bình Thuận. Đi qua nhiều vùng đất nên ông có nhiều trải nghiệm thú vị về đất nước, con người.\r\n \r\nĐoàn Thạch Biền bắt đầu sáng tác từ trước những năm 1975, ông là hội viên Hội Nhà văn Việt Nam (2001). Hiện nay ông đang công tác tại báo Người Lao Động, chủ biên tập san Áo Trắng của NXB Trẻ', 0),
(46, 'Dạ Ngân', '', 0),
(47, 'Đặng Hoàng Giang', '', 0),
(48, 'Ái Loan', '', 0),
(49, 'Lan Khai', '', 0),
(50, ' Angela Nguyễn', '', 0),
(51, 'NGuyễn Quỳnh Hương', '', 0),
(52, 'Đặng Hằng', '', 0),
(53, 'Trần Đông', '', 0),
(54, 'Đõ Phấn', '', 0),
(55, 'Minh Moon', '', 0),
(56, ' Lê Hữu Nam', '', 0),
(57, 'Nguyễn Thị Kim Ngân', '', 0),
(58, 'Đậu Đỏ', '', 0),
(59, 'Đặng Quốc Nhân', '', 0),
(60, 'Dương Việt Anh', '', 0),
(61, 'Nguyễn Quý Tùng', '', 0),
(62, ' Evangeline Neo', '', 0),
(63, 'Hàn Phi', '', 0),
(64, ' Macchiato', '', 0),
(65, 'Martin Amis', '', 0),
(66, 'Kazuo Ishiguro', '', 0),
(67, 'Nguyễn Ngọc Tư', 'Nhà văn Nguyễn Ngọc Tư sinh năm 1976 tại xã Tân Duyệt, huyện Đầm Dơi, tỉnh Cà Mau. Là một nữ nhà văn trẻ của Hội nhà văn Việt Nam.\r\nTác phẩm nổi tiếng nhất của cô là tác phẩm Cánh đồng bất tận, đã nhận được giải thưởng của Hội nhà văn Việt Nam năm 2006.', 0),
(68, 'Lữ', '', 0),
(69, 'Lisa Swerling , Ralph Lazar', '', 0),
(70, 'FEFE', '', 0),
(71, 'Đặng Ngọc Minh Trang', '', 0),
(72, 'Maeya Zee', '', 0),
(73, 'Nhạc Sĩ Trần Tiến', '', 0),
(74, 'Đặng Thùy Trâm', '', 0),
(75, 'Đinh Hằng', '', 0),
(76, 'Hàn Canh', '', 0),
(77, 'Ernesto Che Guevara', '', 0),
(78, 'Phạm Kiều Oanh', '', 0),
(79, 'Trần Kiếm Qua', '', 0),
(80, 'Angela Banner', '', 0),
(81, 'Maxim Gorky', 'Macxim Gorki (1868 -1936) là nhà văn lớn của nước Nga, mở đầu trào lưu văn học hiện thực xã hội chủ nghĩa. Ông còn là nhà hoạt động Văn Hóa - Xã hội nổi tiếng thế giới. Hy vọng THỜI THƠ ẤU sẽ làm hài lòng bạn đọc không chỉ các bạn nhìn thấy chính mình trong đó, quan trong hơn chính là bút pháp nghệ thuật điêu luyện của tác giả cuốn hút người đọc đến từng con chữ cuối cùng của tác phẩm.\r\n', 0),
(82, 'Edmondo De Amicis', '', 0),
(83, 'La Fontaine', '', 0),
(84, 'M.G.Leonard', '', 0),
(85, 'Nhiều tác giả', '', 0),
(86, 'Võ Diệu Thanh', '', 0),
(87, 'Nhiều tác giả', '', 0),
(88, 'Nguyễn Đức Tùng', '', 0),
(89, 'Thùy Anna', '', 0),
(90, 'Nguyễn Nhược Pháp', '', 0),
(91, 'Nguyễn Bình', '', 0),
(92, 'Trần Đăng Khoa', '', 0),
(93, 'Phạm Thị Ngọc Thanh', '', 0),
(94, 'Nguyễn Bình Phương', '', 0),
(95, 'Hồ Dzếnh', '', 0),
(96, 'Đinh Hùng', '', 0),
(97, 'Chế Lan Viên', '', 0),
(98, 'Tô Lâm', '', 0),
(99, 'Trần Trọng Kim', '', 0),
(100, 'Phùng Mộng Long', '', 0),
(101, 'Vương Hiểu Lỗi', '', 0),
(102, 'Jean Rouaud', '', 0),
(103, 'Tư Mã Thiên', '', 0),
(104, 'Nguyễn Như Hùng', '', 0),
(105, 'Tư An Trần Lê Nhân, Ôn Như Nguyễn Vǎn Ngọc', '', 0),
(106, 'Tạ Chi Đại Trường', '', 0),
(107, ' Penny Le Couteur, Jay Burreson', '', 0),
(108, ' Kahlil Gibran', '', 0),
(109, 'Patrick Ness', '', 0),
(110, 'David Benioff', '', 0),
(111, 'Nhiều Tác Giả', '', 0),
(112, 'David Mitchell', '', 0),
(113, 'Jeffery Deaver', '', 0),
(114, 'Jeff Lindsay', '', 0),
(115, 'Nguyễn Minh Cường', '', 0),
(116, 'Lã Húc', '', 0),
(117, 'James Bowen', '', 0),
(118, 'William Makepeace Thackeray', '', 0),
(119, 'G. Trôiepônxki', '', 0),
(120, 'Alexandre Dumas', '', 0),
(121, 'Jack London', '', 0),
(122, 'Theodore Dreiser', '', 0),
(123, 'Jane Austen', '', 0),
(124, 'F. Scott Fitzgerald', '', 0),
(125, 'Jean Racine', '', 0),
(126, 'Jack London', '', 0);

-- --------------------------------------------------------

--
-- Cấu trúc bảng cho bảng `bill`
--

CREATE TABLE `bill` (
  `idbill` int(11) NOT NULL,
  `email` varchar(200) COLLATE utf8_unicode_ci NOT NULL,
  `name` varchar(200) COLLATE utf8_unicode_ci NOT NULL COMMENT 'họ tên khách',
  `date_bill` date NOT NULL,
  `sex` varchar(100) COLLATE utf8_unicode_ci NOT NULL,
  `tel` varchar(20) COLLATE utf8_unicode_ci DEFAULT NULL,
  `idcity` int(200) NOT NULL,
  `district` varchar(200) COLLATE utf8_unicode_ci NOT NULL,
  `address` varchar(1000) COLLATE utf8_unicode_ci NOT NULL,
  `status` varchar(100) COLLATE utf8_unicode_ci NOT NULL,
  `ship` int(11) NOT NULL DEFAULT '0',
  `checkDelete` int(11) NOT NULL DEFAULT '0' COMMENT 'xóa thì thành 1'
) ENGINE=InnoDB DEFAULT CHARSET=utf8 COLLATE=utf8_unicode_ci;

--
-- Đang đổ dữ liệu cho bảng `bill`
--

INSERT INTO `bill` (`idbill`, `email`, `name`, `date_bill`, `sex`, `tel`, `idcity`, `district`, `address`, `status`, `ship`, `checkDelete`) VALUES
(1, '1@gmail.com', 'ad', '2017-05-10', 'nam', '01659121969', 2, '1', 'ăd ', 'chưa', 0, 0),
(2, 'thanhhuy96.gtvt@gmail.com', 'ad', '2017-05-27', 'Nam', '5', 1, '5', '5', 'New', 30000, 0),
(3, 'thanhhuy96.gtvt@gmail.com', 'as', '2017-05-27', 'Nam', '1', 2, '514', '56165', 'New', 30000, 0),
(4, 'thanhhuy96.gtvt@gmail.com', 'ads', '2017-05-27', 'Nam', '55', 2, '51', '51', 'New', 30000, 0),
(5, 'thanhhuy96.gtvt@gmail.com', 'das', '2017-05-27', 'Nam', '55', 1, '5', '55', 'New', 30000, 0),
(6, 'thanhhuy96.gtvt@gmail.com', 'sd', '2017-05-27', 'Nữ', '165', 1, 'ds', '546', 'New', 30000, 0),
(7, 'thanhhuy96.gtvt@gmail.com', 'a', '2017-05-27', 'Nữ', '5', 1, '5', '5', 'New', 30000, 0),
(8, 'thanhhuy96.gtvt@gmail.com', 'sd', '2017-05-27', 'Nữ', '5', 2, '5', '5', 'New', 30000, 0),
(9, 'thanhhuy96.gtvt@gmail.com', 'sd', '2017-05-27', 'Nam', '5', 2, '5', '5', 'New', 30000, 0),
(10, 'thanhhuy96.gtvt@gmail.com', 'sd', '2017-05-27', 'Nam', '5', 2, '65', '5', 'New', 30000, 0),
(11, 'thanhhuy96.gtvt@gmail.com', 'd', '2017-05-27', 'Nam', '5', 1, '5', '5', 'New', 30000, 0),
(12, 'thanhhuy96.gtvt@gmail.com', 'da', '2017-05-27', 'Nữ', '5', 2, '5', '5', 'New', 30000, 0),
(13, 'thanhhuy96.gtvt@gmail.com', 'fdg', '2017-05-27', 'Nam', '5', 2, '5', '5', 'New', 30000, 0),
(14, 'thanhhuy96.gtvt@gmail.com', 'huy', '2017-05-27', 'Nam', '1', 2, '1', '1', 'New', 30000, 0),
(15, 'thanhhuy96.gtvt@gmail.com', 's', '2017-05-27', 'Nam', '5', 1, '5', '5', 'New', 30000, 0);

-- --------------------------------------------------------

--
-- Cấu trúc bảng cho bảng `billinfo`
--

CREATE TABLE `billinfo` (
  `idbillinfo` int(11) NOT NULL,
  `idbill` int(11) NOT NULL,
  `idbook` int(11) NOT NULL,
  `count` int(11) NOT NULL,
  `checkDelete` int(11) NOT NULL DEFAULT '0' COMMENT 'xóa thì thành 1'
) ENGINE=InnoDB DEFAULT CHARSET=utf8 COLLATE=utf8_unicode_ci COMMENT='chi tiết hóa đơn';

--
-- Đang đổ dữ liệu cho bảng `billinfo`
--

INSERT INTO `billinfo` (`idbillinfo`, `idbill`, `idbook`, `count`, `checkDelete`) VALUES
(1, 1, 22, 2, 0),
(2, 1, 50, 3, 0),
(3, 3, 277, 1, 0),
(4, 3, 276, 1, 0),
(5, 4, 6, 1, 0),
(6, 4, 7, 1, 0),
(7, 2, 278, 1, 0),
(8, 3, 277, 1, 0),
(9, 3, 276, 1, 0),
(10, 3, 273, 1, 0),
(11, 3, 274, 1, 0),
(12, 3, 275, 1, 0),
(13, 3, 2, 1, 0),
(14, 3, 3, 1, 0),
(15, 3, 4, 1, 0),
(16, 4, 276, 1, 0),
(17, 5, 278, 1, 0),
(18, 6, 277, 1, 0),
(19, 7, 278, 1, 0),
(20, 7, 277, 1, 0),
(21, 8, 276, 1, 0),
(22, 8, 277, 1, 0),
(23, 9, 277, 1, 0),
(24, 9, 276, 1, 0),
(25, 10, 277, 1, 0),
(26, 10, 276, 1, 0),
(27, 10, 278, 1, 0),
(28, 11, 278, 1, 0),
(29, 11, 277, 1, 0),
(30, 11, 276, 1, 0),
(31, 12, 277, 1, 0),
(32, 12, 276, 1, 0),
(33, 13, 277, 1, 0),
(34, 13, 276, 1, 0),
(35, 14, 1, 1, 0),
(36, 14, 2, 1, 0),
(37, 14, 3, 1, 0),
(38, 14, 5, 1, 0),
(39, 14, 6, 1, 0),
(40, 14, 7, 1, 0),
(41, 14, 31, 1, 0),
(42, 14, 25, 1, 0),
(43, 14, 22, 1, 0),
(44, 14, 21, 1, 0),
(45, 14, 17, 1, 0),
(46, 14, 10, 1, 0),
(47, 14, 38, 1, 0),
(48, 14, 39, 1, 0),
(49, 14, 40, 1, 0),
(50, 14, 41, 1, 0),
(51, 14, 42, 1, 0),
(52, 14, 43, 1, 0),
(53, 14, 273, 1, 0),
(54, 14, 274, 1, 0),
(55, 14, 275, 1, 0),
(56, 14, 276, 1, 0),
(57, 14, 277, 1, 0),
(58, 14, 278, 1, 0),
(59, 14, 284, 1, 0),
(60, 14, 283, 1, 0),
(61, 14, 282, 1, 0),
(62, 14, 281, 1, 0),
(63, 14, 280, 1, 0),
(64, 14, 279, 1, 0),
(65, 15, 277, 1, 0);

-- --------------------------------------------------------

--
-- Cấu trúc bảng cho bảng `book`
--

CREATE TABLE `book` (
  `idbook` int(11) NOT NULL,
  `name` varchar(1000) COLLATE utf8_unicode_ci NOT NULL,
  `imgdetail` varchar(100) COLLATE utf8_unicode_ci NOT NULL COMMENT 'ảnh bìa bên trong',
  `imgbg` varchar(100) COLLATE utf8_unicode_ci NOT NULL COMMENT 'ảnh bên ngoài',
  `idauthor` int(11) NOT NULL COMMENT 'id tác giả',
  `ngayxb` date NOT NULL COMMENT 'ngày xuất bản',
  `nhaxb` varchar(100) COLLATE utf8_unicode_ci NOT NULL COMMENT 'nhà xuất bản',
  `nhaph` varchar(100) COLLATE utf8_unicode_ci NOT NULL COMMENT 'nhà phát hành',
  `dangbia` varchar(100) COLLATE utf8_unicode_ci NOT NULL COMMENT 'dạng bìa',
  `size` varchar(100) COLLATE utf8_unicode_ci NOT NULL COMMENT 'kích thước (100 x 25 cm)',
  `weight` int(11) NOT NULL COMMENT 'khối lượng',
  `totalpages` int(11) NOT NULL COMMENT 'tổng số trang',
  `saleoff` int(11) NOT NULL COMMENT 'tiết kiệm %',
  `price` double NOT NULL COMMENT 'giá tiền',
  `info` varchar(1000) COLLATE utf8_unicode_ci NOT NULL COMMENT 'mô tả sách',
  `idtype` int(11) NOT NULL COMMENT 'id loại sách',
  `highlights` int(11) NOT NULL COMMENT 'sách nổi bật thì số lớn',
  `status` varchar(100) COLLATE utf8_unicode_ci NOT NULL COMMENT 'trạng thái sách',
  `sold` double NOT NULL DEFAULT '0',
  `checkDelete` int(11) NOT NULL DEFAULT '0' COMMENT 'xóa thì thành 1'
) ENGINE=InnoDB DEFAULT CHARSET=utf8 COLLATE=utf8_unicode_ci;

--
-- Đang đổ dữ liệu cho bảng `book`
--

INSERT INTO `book` (`idbook`, `name`, `imgdetail`, `imgbg`, `idauthor`, `ngayxb`, `nhaxb`, `nhaph`, `dangbia`, `size`, `weight`, `totalpages`, `saleoff`, `price`, `info`, `idtype`, `highlights`, `status`, `sold`, `checkDelete`) VALUES
(0, '', '', '', 0, '0000-00-00', '', '', '', '', 0, 0, 0, 0, '', 0, 0, '', 0, 0),
(1, '3 Đêm trước giao thừa', 'ba_dem_truoc_giao_thua_tai_ban_.jpg', '1.ba_dem_truoc_giao_thua_tai_ban_.jpg', 1, '2017-04-18', 'Văn Học', 'Bác Việt', 'Bìa mềm', '13x20.5 cm', 340, 304, 17, 86000, '\"Sau cuộc “thương lượng”, Kenji nhận lời hướng dẫn cho Frank trong ba ngày vòng quanh Kabukicho. Nhưng sau đó Kenji bắt đầu thấy có một chút lo lắng. Không phải là do sự bất đồng về văn hóa mà vì những cử chỉ, hành động khó hiểu của con người có cái tên là Frank đó. Vào đúng ngày hôm đó, Kenji đọc một tờ báo nói về “một nữ sinh cấp ba bị giết, bị cắt rời tay, chân và cổ rồi bị vứt ở bãi rác của Kabukicho”. Khi đó cậu đã nghĩ thủ phạm chính là Frank.\r\n', 8, 1, 'Sách Mới', 0, 0),
(2, 'Cầm Tay Anh Tựa Vai Anh', 'cam_tay_anh_tua_vai_anh.jpg', '1.cam_tay_anh_tua_vai_anh.jpg', 2, '2017-04-17', 'Thanh Niên', 'Dinh Tị', 'Bìa mềm', '13x20.5 cm', 300, 224, 17, 78000, 'Giữa cuộc sống bộn bề, nhiều lo toan này, ai cũng mong sẽ tìm thấy cho mình một tình yêu chân thành, một người có thể nắm tay mình đi đến cuối cuộc đời. Chúng ta sinh ra trên đời này một cách đơn độc, chẳng phải để có ai đó đến lấp đầy những khoảng trống cô đơn đó hay sao? Chẳng mong được ở bên người mãi mãi, vì mãi mãi chỉ có trong truyện cổ tích mà thôi. Chỉ mong được yêu người thật sâu và thật lâu, đến chừng nào có thể.\r\n \r\nCầm tay anh, tựa vai anh là câu chuyện của những người đang chờ đợi tình yêu, chờ đợi để mình góp nhặt đủ can đảm mà đứng dậy từ bỏ những thói quen cũ để chạy cho kịp chuyến tàu hạnh phúc cuối cùng.\r\n \r\nBởi vậy hãy luôn can đảm để yêu thương bạn nhé!', 3, 2, 'Sách Mới', 0, 0),
(3, 'Yêu Sao Để Không Đau (Tái Bản)', 'yeu_sao_de_khong_dau_tai_ban_.jpg', '1.yeu_sao_de_khong_dau_tai_ban_.jpg', 3, '2014-04-14', 'Hà Nội', 'Bão', 'Bìa Mềm', '12x19 cm', 200, 215, 16, 86000, 'Quyển sách, sẽ như những lời “hướng dẫn giữ gìn” tình yêu cho bạn, là những gì tôi đã đi trước, trải nghiệm và ghi nhận. Bạn có thể lấy nó làm hành trang vững chắc trên con đường tình yêu của mình, cũng có thể đọc để cho biết thôi, và vẫn yêu theo cách riêng mà mình muốn. Nhưng, có thể hứa với tôi một điều này không? Rằng dù bạn có chọn thế nào, thì cũng nhất định không được hối tiếc với sự chọn lựa đó của mình. Vì vốn dĩ bạn đã từng biết, từng hiểu được, nhưng vẫn cam lòng đi theo tiếng gọi của con tim, không hề lo ngại. Sự dấn thân đó là một điều đáng hãnh diện. Sự lựa chọn đó sẽ là một dấu son đỏ cho một thời trẻ dại nhưng vô cùng lộng lẫy của bạn. Một thời từng thương, từng nhớ, từng mơ mộng, từng hi vọng… Một thời thật đẹp! Thế nên, hứa với tôi, đừng bao giờ hối tiếc cả. Cũng như đừng bao giờ để sự hối tiếc cản trở con đường đi tìm kiếm hạnh phúc của cuộc đời mình, được không?\"', 3, 3, 'Sách mới', 0, 0),
(4, 'Đêm Trường Tăm Tối', 'dem_truong_tam_toi.jpg', '1.dem_truong_tam_toi.jpg', 4, '2017-04-13', 'Văn Học', 'Cổ Nguyệt', 'Bìa mềm', '14.5x20.5 cm', 510, 465, 18, 115000, 'Nghi can giết người, vứt xác, nhưng không ngờ lại bị bắt quả tang ngay giữa chốn công cộng đông người. Lúc đó ít nhất có đến vài trăm người tận mắt chứng kiến, hắn cũng đã khai nhận toàn bộ quá trình phạm tội. Tất cả chuỗi chứng cứ đều đầy đủ: nhân chứng, vật chứng, lời khai, nhưng đúng vào thời điểm cơ quan kiểm sát chính thức đưa ra khởi tố, thì tình tiết vụ án có sự thay đổi đột ngột to lớn..\r\n\r\nĐằng sau sự việc này rốt cục ẩn giấu tình hình vụ án kinh thiên động địa đến nhường nào? Những nhân vật trong truyện đứng giữa ranh giới giữa cái thiện và cái ác, giữa sự sống và cái chết, mỗi quyết định đều thay đổi vận mệnh cả đời họ. Liệu họ sẽ rẽ về hướng nào? Liệu cái thiện có lên ngôi và cái ác có phải chịu sự trừng phạt...', 12, 4, 'Sách mới', 0, 0),
(5, 'Lửa Hận', 'lua_han.jpg', '1.lua_han.jpg', 5, '2017-04-13', 'Văn Học', 'Phúc Minh Books', 'Bìa Mềm', '14.5x20.5 cm', 550, 518, 20, 125000, 'Nhắc đến gia đình MacBride người ta chỉ nhìn thấy ánh hào quang của thành công. Người bố - Rowan – hiệu trưởng của một trường điểm nổi tiếng, người mẹ - Lydia – người chủ gia đình, đồng thời là một thẩm phá đức cao vọng trọng, những đứa trẻ của gia đình được nuôi dạy trong sự giàu sang, chưa bao giờ phải lo lắng về vấn đề tiền bác và có thể thích gì làm nấy. Không lâu sau, khi Lydia qua đời vì căn bệnh ung thư, khi hào quang tắt dần, bóng tối bao phủ lấy gia đình nhỏ không chỉ có sự bi thương mà còn có bóng ma từ quá khứ. Darcy sinh ra trong một gia đình nghèo khó cùng với một người mẹ bị tâm thần, đổ lỗi cho nhà MacBride vì tất cả những khổ đau và bất hạnh diễn ra trong cuộc đời anh. Từ chối học bổng của trường Saxby, anh thề rằng đời này mình sống là để trả thù, trả lại tất cả những đắng cay và tủi nhục mà mình đã phải gánh chịu cho nhà MacBride.\r\n', 2, 5, 'Sách Mới', 0, 0),
(6, 'Mẹ, Em Bé và Bố (Bìa mềm)', 'me_em_be_va_bo_bia_mem_.jpg', '1.me_em_be_va_bo_bia_mem_.jpg', 6, '2014-04-19', 'Thế Giới', 'Skybooks', 'Bìa mềm', '12x20 cm', 220, 208, 20, 89000, '\r\nMẹ, em bé và bố - cuốn sách đầy cảm hứng sống, yêu thương và hạnh phúc. Dự án sách được ấp ủ suốt 5 năm của nữ văn sĩ Gào.\r\n \r\n“Nhà là nơi những bức bối, giận hờn dừng lại sau cánh cửa. Nhà là nhà, là nơi để chúng ta trở về và vun đắp yêu thương.”\r\n \r\nĐã từng là một cô gái với cái “tôi” ngông cuồng, đầy khát khao nhưng cũng đầy sắc sảo. Đã từng thành danh với những trang văn dằn vặt, phẫn nộ với cuộc đời. Bạn sẽ gặp lại nữ văn sĩ Gào với những thủ thỉ nhẹ nhàng dịu êm và ngọt ngào đến vô cùng.', 3, 6, 'Sách Mới', 0, 0),
(7, 'Mẹ, Em Bé và Bố (Bìa cứng)', 'me_em_be_va_bo_bia_cung_.jpg', '1.me_em_be_va_bo_bia_cung_.jpg', 7, '2017-04-19', 'Thế Giới', 'Skybooks', 'Bìa Cứng', '12x20 cm', 310, 208, 21, 119000, 'Mẹ, em bé và bố - Cuốn sách tràn đầu cảm hứng sống, cảm hứng yêu đời và cảm hứng hạnh phúc.\r\n \r\nĐơn giản là những mẩu chuyện giản dị mà trong đó Gào kể lại cho những em bé của mình về những điều nhỏ nhặt, bình dị nhưng ngập tràn hạnh phúc cũng bình yên vô cùng. Đó là chuyện tình yêu của “bố mẹ”, là những quãng thời gian xa cách mà hai người tưởng chừng như mãi mãi chia xa. Rồi họ tìm thấy nhau giữa những bước chân tưởng như đã lạc mất.\r\n ', 3, 7, 'Sách Mới', 0, 0),
(8, 'Nghệ Thuật Bán Hàng Bậc Cao (Tái Bản)', 'nghe_thuat_ban_hang_bac_cao_tai_ban.jpg', '1.nghe_thuat_ban_hang_bac_cao_tai_ban.jpg', 8, '2017-04-12', 'Tổng Hớp TPHCM', 'First News', 'Bìa mềm', '12.5x20.5 cm', 590, 520, 29, 128000, 'Triết lý chứa đựng trong cuốn sách Nghệ Thuật Bán Hàng Bậc Cao thật đơn giản: “bạn có thể có được những tất cả mọi thứ trong cuộc sống nếu bạn biết giúp người khác đạt được điều họ muốn”, thậm chí còn đúng đắn và cần thiết hơn trong cuộc sống hiện nay so với thời kỳ khi cuốn Nghệ Thuật Bán Hàng Bậc Cao được xuất bản lần đầu. Mục tiêu cuả một thương vụ là đảm bảo khách hàng nhận được giá trị tương xứng, nhưng nếu bạn mang đến cho khách hàng những giá trị còn cao hơn giá trị mà lẽ ra họ sẽ nhận được thì không những bạn đã có một thương vụ thành công mà bạn còn có thêm một khách hàng sẵn lòng giúp bạn có thêm nhiều khách hàng khác nữa.', 23, 8, 'Sách mới', 0, 0),
(9, 'Thế Giới Của Dư Bảo', 'the_gioi_cua_du_bao.jpg', '1.the_gioi_cua_du_bao.jpg', 9, '2017-04-12', 'Phụ Nữ', 'ChiBooks', 'Bìa mềm', '14.5x20.5 cm', 396, 332, 16, 87000, 'Dư Bảo có giác quan thứ sáu. \r\n \r\nCậu được mệnh danh là người có “đôi mắt quỷ” bởi linh cảm được việc xấu sắp xảy ra. Thế nhưng cậu không có khả năng thay đổi nó.\r\n \r\nTrong một chuyến hành trình trên chiếc xe tải cùng bố mình, “đôi mắt quỷ” của Dư Bảo một lần nữa lại phát huy tác dụng. Cậu thực sự không ngờ rằng cuộc đời bố cậu và gia đình lại gặp nhiều biến cố tới vậy…\r\n \r\nDư Bảo vốn là một cậu bé 11 tuổi, bố là lái xe tải, mẹ là lao công, ngày ngày đi học qua con đường Thiên sứ đầy cát bụi và rác rưởi. Mỗi ngày cậu được chứng kiến bao mảnh đời của những người lao động nghèo khổ bỏ quê hương lên thành phố gắng gượng bám lại kiếm sống, trải qua không ít khổ cực. Bố mẹ cậu cũng nằm trong số đó, chỉ luôn tâm nguyện cho con cái được ăn học, mong tìm ra tương lai tươi sáng hơn.', 12, 9, 'Sách Mới', 0, 0),
(10, 'Ngôi Nhà Tranh', 'ngoi_nha_tranh.jpg', '1.ngoi_nha_tranh.jpg', 10, '2017-04-12', 'Phụ Nữ', 'ChiBooks', 'Bìa mềm', '14.5x20.5 cm', 426, 396, 16, 111000, 'Ngôi nhà tranh là tập hợp những câu chuyện đời thường, bình dị khó quên xoay quanh cuộc sống của cậu bé Tang Tang. Cậu thích chọc phá cậu bạn ngồi cùng bàn tên Lục Hạc vì cái đầu trọc lốc của cậu ta. Cậu có một thứ tình cảm ngượng ngùng không thể nói thành lời với cô bạn học Chỉ Nguyệt đến từ làng khác. Cậu ganh tị với cậu lớp trưởng Đỗ Tiểu Khang vì tính dám làm dám chịu, khiến cho Tang Tang bị bạn bè xem như “tội đồ”, nhưng sau đó Đỗ Tiểu Khang lại là người làm Tang Tang khâm phục nhất. Tang Tang là cầu nối tình yêu cho thầy giáo dạy Văn hay, thổi sao giỏi – Tưởng Nhất Luân với cô gái được dân làng xem là mỹ nhân – Bạch Tước. Nhưng chính vì cái tình hiếu thắng hay tò mò của cậu mà làm mối tình này phải gãy gánh giữa đàng. ', 2, 10, 'Sách Mới', 0, 0),
(11, 'Văn Minh Đông Phương Và Tây Phương', 'van_minh_dong_phuong_va_tay_phuong.jpg', '1.van_minh_dong_phuong_va_tay_phuong.jpg', 11, '2017-04-12', 'Trẻ', 'Trẻ', 'Bìa Mềm', '13x19 cm', 220, 168, 12, 50000, 'Văn minh Đông phương và Tây phương của học giả Thu Giang Nguyễn Duy Cần là tập sách nghiên cứu về những đặc tính của hai nền văn minh của nhân loại là Đông phương và Tây phương. Tác giả đề xuất một sự dung hòa cần thiết giữa văn minh Đông và Tây phương để lấp lại thế quân bình hầu mang lại hạnh phúc cho nhân loại trên thế giới.', 55, 11, 'Sách Mới', 0, 0),
(12, 'Em Là Nhà', 'em_la_nha.jpg', '1.em_la_nha.jpg', 12, '2017-04-11', 'Hà Nội', 'Skybooks', 'Bìa Mềm', '13.5x20 cm', 380, 368, 17, 98000, 'Tình yêu thời nay , chỉ yêu thôi chưa bao giờ là đủ?\r\n \r\nNếu bạn còn chưa thể chắc chắn khi đưa ra câu trả lời của mình, vậy thì hãy cùng đi tìm đáp án cho những câu hỏi trên trong Em Là Nhà – cuốn tiểu thuyết viết về những mối tình đan xen, là món quà, là lời nhắn nhủ của một người trẻ, gửi đến nhiều người trẻ.\r\n \r\nXoay quanh những đổ vỡ tình cảm, những thách thức, những sự lừa dối mà cô gái trẻ Như Nguyệt phải chịu đựng, chuyện tình yêu trong Em Là Nhà sẽ đưa bạn qua những cung bậc cảm xúc từ ngọt ngào đến cao trào uất hận, từ bình yên êm ấm đến những nỗi đau chỉ có thể âm thầm chịu đựng.', 11, 12, 'Sách mới', 0, 0),
(13, 'Mẹ Bảo Gấu Ted Đi Ngủ Trước Đi', 'me_bao_gau_ted_di_ngu_truoc_di_nhung_bai_ca_gia_dinh_am_ap.jpg', '1.me_bao_gau_ted_di_ngu_truoc_di_nhung_bai_ca_gia_dinh_am_ap.jpg', 13, '2017-04-11', 'Hội Nhà Văn', 'Nhã Nam', 'Bìa Mềm', '23x26.5 cm', 100, 32, 14, 46000, 'Đã đến giờ đi ngủ của em bé. Nhưng tại sao bé phải lên giường khi tất cả mọi người vẫn còn thức? Bé có một \'kế hoạch\" để khỏi phải đi ngủ...\r\n \r\nMọi em bé đề trốn tránh giờ ngủ, trong sách này có vố số lý do bé viện đến, và \"đối sách\" mẹ đưa ra vì sao lại thành công ngọt ngào đến vậy? Một lời chúc ngủ ngon êm dịu dành tặng các bé!\r\n \r\nLời thoại ngắn và hợp với tâm lý tiếp thu của trẻ, tranh vẽ dịu dàng và nồng ấm. Mời bé đọc năm câu chuyện nhỏ đáng yêu về tình cảm gia đình, tình yêu loài vật, thói quen sinh hoạt, chăm sóc người thân!', 28, 13, 'Sách Mới', 0, 0),
(14, 'Cún Cưng Đi Dạo', 'cun_cung_di_dao_nhung_bai_ca_gia_dinh_am_ap.jpg', '1.cun_cung_di_dao_nhung_bai_ca_gia_dinh_am_ap.jpg', 14, '2017-04-11', 'Hội Nhà văn', 'Nhã Nam', 'Bìa Mềm', '23x26.5 cm', 100, 32, 14, 46000, 'Clementine muốn đi dạo, nhưng tất cả mọi người trong nhà đều đang bận. Dù đã cố gắng hết sức, cún vẫn không thể thuyết phục được ai dẫn mình ra ngoài. Làm thế nào bây giờ.\r\n \r\nCâu chuyện nho nhỏ tái hiện sinh hoạt thường ngày trong gia đình, dạy bé về những người thân trong nhà, thói quen của họ, và cách chờ đợi để đạt được điều mình mong muốn.\r\n \r\nLời thoại ngắn và hợp với tâm lý tiếp thu của trẻ, tranh vẽ dịu dàng và nồng ấm. Mời bé đọc năm câu chuyện nhỏ đáng yêu về tình cảm gia đình, tình yêu loài vật, thói quen sinh hoạt, chăm sóc người thân!', 28, 14, 'Sách Mới', 0, 0),
(15, 'Cún Cưng Đi Tắm', 'cun_cung_di_tam_nhung_bai_ca_gia_dinh_am_ap.jpg', '1.cun_cung_di_tam_nhung_bai_ca_gia_dinh_am_ap.jpg', 15, '2017-04-11', 'Hội Nhà Văn', 'Nhã Nam', 'Bìa Mềm', '23x26.5 cm', 100, 32, 14, 46000, 'Clementine muốn đi dạo, nhưng tất cả mọi người trong nhà đều đang bận. Dù đã cố gắng hết sức, cún vẫn không thể thuyết phục được ai dẫn mình ra ngoài. Làm thế nào bây giờ.\r\n \r\nCâu chuyện nho nhỏ tái hiện sinh hoạt thường ngày trong gia đình, dạy bé về những người thân trong nhà, thói quen của họ, và cách chờ đợi để đạt được điều mình mong muốn.\r\n \r\nLời thoại ngắn và hợp với tâm lý tiếp thu của trẻ, tranh vẽ dịu dàng và nồng ấm. Mời bé đọc năm câu chuyện nhỏ đáng yêu về tình cảm gia đình, tình yêu loài vật, thói quen sinh hoạt, chăm sóc người thân!', 28, 15, 'Sách Mới', 0, 0),
(16, 'Đừng Từ Bỏ', 'dung_tu_bo.jpg', '1.dung_tu_bo.jpg', 16, '2017-04-18', 'Thanh Niên', 'KABooks', 'Bìa mềm', '13x20.5 cm', 610, 145, 15, 68000, 'Nếu gặp thất bại – Xin đừng tuyệt vọng, bởi vì “Cánh cửa này khép lại, sẽ có cánh cửa khác mở ra”, chỉ bạn mới có thể mở ra cánh cửa mới để mình bước tiếp.\r\n\r\nNếu gặp thất bại – Xin hãy làm lại từ đầu, đừng từ bỏ đam mê của mình, hãy cứ vững bước mà đi, như người ta thường nói: “Hãy cứ yêu như chưa yêu bao giờ”, bạn hãy “Hãy cứ nỗ lực như chưa từng thất bại.\"', 11, 16, 'Sách mới', 0, 0),
(17, 'Ngàn Dặm Tương Tư', 'ngan_dam_tuong_tu.jpg', '1.ngan_dam_tuong_tu.jpg', 17, '2017-04-11', 'Văn Học', 'Đinh Trị', 'Bìa Mềm', '13x20.5 cm', 270, 269, 17, 79000, '\"Em hứa một ngày em sẽ trở về,\r\n \r\nEm sẽ giữ chàng an toàn,\r\n \r\nEm sẽ giữ chàng bình an.\r\n \r\nLúc này, mọi chuyện điên rồ quá,\r\n \r\nEm chẳng biết làm sao mà ngăn lại.\r\n \r\nEm hiểu chúng ta còn nhiều điều cần nói,\r\n \r\nNhưng em không thể ở lại.\r\n \r\nHãy cứ để em ôm chàng thêm một chút,\r\n \r\nHãy nhận lấy một phần trái tim em,\r\n \r\nBiến nó thành của chàng\r\n \r\nĐể khi chúng ta cách xa\r\n \r\nChàng sẽ chẳng cô đơn...\r\n \r\nĐêm nay, khi chìm vào giấc ngủ,\r\n \r\nChàng hãy nhớ rằng\r\n \r\nChúng ta nằm dưới cùng một trời sao...\"', 2, 17, 'Sách mới', 0, 0),
(18, 'Siêu Lầy, Siêu Nai Và Điện Giật', 'sieu_lay_sieu_nai_va_dien_giat.jpg', '1.sieu_lay_sieu_nai_va_dien_giat.jpg', 18, '2017-04-13', 'Dân Trí', 'Bách Việt', 'Bìa Mềm', '13x20.5 cm', 350, 352, 16, 85000, 'Ở một thành phố nào đó, trong một khu nhà nào đó trên đất nước Việt Nam tươi đẹp,  có ba đứa con gái độ tuổi ba mươi, xinh bình thường, ngoan bình thường, giỏi bình thường, thu nhập bình thường chơi thân với nhau như keo dính chuột. Mà bộ ba bình thường ấy, cứ dính lấy nhau là lại xẩy ra những chuyện… bất bình thường khác khiến “ nhân loại” vừa cười đau mồm, vừa nghĩ đau đầu, vừa nghe rất rát tai.\r\n \r\nTất nhiên, bất chấp những khó chịu của “ nhân loại”, ba cô gái ấy vẫn “ngang nhiên” tồn tại, sống phất phơ giữa đời. Ba cô ấy là ai ? Tạm thời có một màn lí lịch trích ngang như sau.\r\n \r\nSiêu Lầy – tên thật là Huyền Lê, ba mươi tuổi, dốt toán, nhiều chữ, lầy lội vô số tội! Lầy tôn thờ chủ nghĩa độc thân và không phân vân trước những giành giật, tham vọng ở đời cuộc đời.', 11, 18, 'Sách Mới', 0, 0),
(19, 'Thiếu Niên Thế Hệ Mới - Chàng Trai Nhỏ Lịch Lãm', 'thieu_nien_the_he_moi_chang_trai_nho_lich_lam.jpg', '1.thieu_nien_the_he_moi_chang_trai_nho_lich_lam.jpg', 19, '2017-04-11', 'Kim Đồng', 'Kim Đồng', 'Bìa Mềm', '16x20.5cm', 300, 153, 17, 96000, 'Thế giới của các cậu con trai - những quý ngài nhỏ tuổi - nơi đầy ắp niềm vui trưởng thành!\r\n \r\nTrong cuốn sách này có hơn 1000 tình tiết nhỏ chào đón bạn khám phá!\r\n \r\nĐể trở thành chàng trai năng động và lịch thiệp, hãy bắt đầu từ lúc này!\r\n \r\nNào hãy cùng thắp sáng cuộc sống của bạn!', 51, 19, 'Sách Mới', 0, 0),
(20, 'Thiếu Niên Thế Hệ Mới - Cô Gái Nhỏ Duyên Dáng\r\n', 'thieu_nien_the_he_moi_co_gai_nho_duyen_dang.jpg', '1.thieu_nien_the_he_moi_co_gai_nho_duyen_dang.jpg', 20, '2017-04-11', 'Kim Đồng', 'Kim Đồng', 'Bìa Mềm', '16x20.5 cm', 300, 153, 17, 96000, ' Chúc mừng em đến với thế giới của con gái, trong lâu đài niềm vui dành cho thiếu nữ hơn 1000 bí quyết, kỹ năng sống đang chờ đón em đó!', 51, 20, 'Sách mới', 0, 0),
(21, 'Harry Potter Và Chiếc Cốc Lửa - Tập 4 (Tái bản 2017)\r\n\r\n', 'harry_potter_va_chiec_coc_lua_tap_4_tai_ban_2017_.jpg', '1.harry_potter_va_chiec_coc_lua_tap_4_tai_ban_2017_.jpg', 21, '2017-04-21', 'Trẻ', 'Trẻ', 'Bìa Mèm', '14x20 cm', 970, 922, 20, 270000, 'Khi giải Quidditch Thế giới bị cắt ngang bởi những kẻ ủng hộ Chúa tể Voldemort và sự trở lại của Dấu hiệu hắc ám khủng khiếp, Harry ý thức được rõ ràng rằng, Chúa tể Voldemort đang ngày càng mạnh hơn. Và để trở lại thế giới phép thuật, Chúa tể hắc ám cần phải đánh bại kẻ duy nhất sống sót từ lời nguyền chết chóc của hắn - Harry Potter. Vì lẽ đó, khi Harry bị buộc phải bước vào giải đấu Tam Pháp thuật uy tín nhưng nguy hiểm, cậu nhận ra rằng trên cả chiến thắng, cậu phải giữ được mạng sống của mình.\r\n \r\n‘Bốn năm của Harry cũng như của chúng tôi ở trường Hogwarts thật vui nhộn, một thế giới đầy hài hước cùng nhiều hoạt động thú vị.’', 2, 21, 'Sách mới', 0, 0),
(22, 'Harry Potter Và Tên Tù Nhân Ngục Azkaban - Tập 3 (Tái bản 2017)', 'harry_potter_va_ten_tu_nhan_nguc_azkaban_tap_3_tai_ban_2017_.jpg', '1.harry_potter_va_ten_tu_nhan_nguc_azkaban_tap_3_tai_ban_2017_.jpg', 22, '2017-04-21', 'Trẻ', 'Trẻ', 'Bìa mềm', '14x20 cm', 600, 560, 20, 180000, 'Harry Potter may mắn sống sót đến tuổi 13, sau nhiều cuộc tấn công của Chúa tể hắc ám.\r\n\r\nNhưng hy vọng có một học kỳ yên ổn với Quidditch của cậu đã tiêu tan thành mây khói khi một kẻ điên cuồng giết người hàng loạt vừa thoát khỏi nhà tù Azkaban, với sự lùng sục của những cai tù là giám ngục.\r\n\r\nDường như trường Hogwarts là nơi an toàn nhất cho Harry lúc này. Nhưng có phải là sự trùng hợp khi cậu luôn cảm giác có ai đang quan sát mình từ bóng đêm, và những điềm báo của giáo sư Trelawney liệu có chính xác?\r\n\r\n‘Câu chuyện được kể với trí tưởng tượng bay bổng, sự hài hước bất tận có thể quyến rũ cả người lớn lẫn trẻ em.’ - Sunday Express', 2, 22, 'Sách Mới', 0, 0),
(23, 'Bóng Làng', 'bong_lang.jpg', '1.bong_lang.jpg', 23, '2017-04-11', 'Trẻ', 'Trẻ', 'Bìa mềm', '12x20 cm', 380, 338, 15, 100, 'Truyện mang tiếng cười đầy tính trào lộng, đâu đó còn nghe thấy cả tiếng “mắng chó, chửi gà” vang lên trong một chiều thu Warzsawa, để rồi gây một cảm xúc bất toàn, chộn rộn lẩn khuất trong những “bóng người” hoang mang, trở đi trở lại như một điệp thức bi hài và cay đắng. Đọng lại sau những trang viết nhanh hoạt, giọng văn có lúc chua cay đáo để, là sự tự thức. Tự thức không phải là xóa sổ một “bóng làng” cội rễ, mà là vượt thoát khỏi những tự huyễn ấu trĩ nhân danh những bóng làng hồn nước mà bó buộc lấy những phận đời.', 11, 23, 'Sách mới', 0, 0),
(24, 'Xây dựng một nhóm kinh doanh thành công (Tái bản 2017)\r\n\r\n', 'xay_dung_mot_nhom_kinh_doanh_thanh_cong_tai_ban_2017_.jpg', '1.xay_dung_mot_nhom_kinh_doanh_thanh_cong_tai_ban_2017_.jpg', 24, '2017-04-21', 'Trẻ', 'Trẻ', 'Bìa mềm', '14x20 cm', 250, 200, 14, 55, '“Kinh doanh không phải là khó, dùng người mới là khó”. Trong cuốn sách này bạn sẽ học được cách làm thế nào để xây dựng được một đội nhóm kinh doanh hoạt động với tinh thần chung sức và ngày càng mạnh mẽ hơn trước những thách thức khó khăn hơn.', 20, 24, 'Sách Mới', 0, 0),
(25, 'Nghìn Ngày Nước Ý, Nghìn Ngày Yêu\r\n\r\n', 'nghin_ngay_nuoc_y_nghin_ngay_yeu.jpg', '1.nghin_ngay_nuoc_y_nghin_ngay_yeu.jpg', 25, '2017-04-19', 'Hội Nhà Văn', 'Nhã Nam', 'Bìa mềm', '14x20.5 cm', 250, 212, 16, 67000, 'Trong cuốn sách mới, BLV thể thao nổi tiếng Trương Anh Ngọc tiếp tục khám phá quê hương thứ hai của mình, một cách sâu sắc, hăm hở và đam mê...\r\n\r\nDường như, \"người tình\" nước Ý vẫn không thôi quyến rũ Trương Anh Ngọc.\r\n\r\nHơn một nghìn ngày của đi và sống trong hành trình nước Ý lần thứ hai, Trương Anh Ngọc tiếp tục khám phá nước Ý với những ngóc ngách mới theo cả hai chiều: theo chiều rộng, là đặt chân đến những vùng đất anh chưa từng biết; và theo chiều sâu, là thấu hiểu tâm hồn người Ý qua cách họ sống. \r\n', 4, 25, 'Sách Mới', 0, 0),
(26, 'Làm Mẹ Không Áp Lực\r\n\r\n', 'lam_me_khong_ap_luc.jpg', '1.lam_me_khong_ap_luc.jpg', 26, '0000-00-00', 'Thế Giới', 'Books', 'Bìa Mềm', '14x20.5 cm', 400, 396, 20, 99000, 'Cuốn sách LÀM MẸ KHÔNG ÁP LỰC được ra đời dựa trên những giải đáp thắc mắc của các bậc cha mẹ thường đối mặt khi nuôi dạy trẻ. Quyển sách không chỉ dừng lại ở việc cung cấp cho cha mẹ những hướng dẫn chăm sóc theo phương pháp khoa học mà còn giúp chúng ta nhận ra những điểm quan trọng để trẻ không mất cơ hội phát triển tối đa về thể chất và trí tuệ. Đây là một quyển cẩm nang hướng dẫn chăm sóc bé phát triển một cách TOÀN DIỆN nhất.\r\n \r\nKèm với những trò chơi được minh họa dễ hiểu giúp các bậc cha mẹ có những họat động vui đùa gần gũi với con, cuốn sách là một món quà thân thương gửi tặng đến mọi gia đình.', 28, 26, 'Sách Mới', 0, 0),
(27, 'Nghệ Thuật Tư Duy Rành Mạch (Giúp bạn có định hướng đúng)\r\n\r\n', 'nghe_thuat_tu_duy_ranh_mach.jpg', '1.nghe_thuat_tu_duy_ranh_mach.jpg', 27, '0000-00-00', 'Thế Giới', 'Nhã Nam', 'Bìa Mềm', '14x20.5cm', 600, 422, 17, 105000, '\"Nghệ thuật tư duy rành mạch\' giúp bạn có định hướng đúng\"\r\n \r\nTác giả Rofl Dobelli được biết đến là một doanh nhân Thuỵ Sĩ. Cô bắt đầu sự nghiệp viết lách năm 2002 và trở nên nổi tiếng khắp thế giới với cuốn sách Nghệ thuật tư duy rành mạch (xuất bản năm 2011 và dịch sang tiếng Anh năm 2013).\r\n \r\nTrong cuộc sống, mọi người đều có những lúc mắc sai lầm. Việc quyết định sai lầm đều bắt nguồn từ các lỗi tư duy tưởng như đơn giản, nhưng dần dà chúng tích tụ thành những thành kiến khó bỏ. Hiếm khi, ta dám nhìn nhận điều đó nên dễ có những suy nghĩ lệch lạc, sai lầm.', 48, 27, 'Sách Mới', 0, 0),
(28, 'Nhân Tố Vi Sinh\r\n\r\n', 'nhan_to_vi_sinh.jpg', '1.nhan_to_vi_sinh.jpg', 28, '0000-00-00', 'Thông tin và Truyền Thông', 'Tinh Hoa', 'Bìa Cứng', '14x20.5 cm', 700, 650, 20, 199000, 'LÀM THẾ NÀO ĐỂ CÓ 1 SỨC KHOẺ TỐT VÀ KHÔNG BAO GIỜ BỊ BỆNH? \r\n\r\nĐó là một câu hỏi lớn mà tất cả những người sống trên Trái đất này đều quan tâm. Từ hàng nghìn năm nay, đã có hàng trăm nghìn nhà khoa học tìm tòi, nghiên cứu các phương pháp, các loại thuốc mới để cứu chữa con người thoát khỏi bệnh tật. Nhưng kỳ lạ thay, khoa học - y học ngày càng phát triển, các loại máy móc hiện đại, các loại thuốc mới được phát minh nhưng cũng không theo kịp sự phát triển của các loại bệnh tật. Hàng ngày chúng ta phải đối mặt với bao nỗi sợ hãi đến từ các loại bệnh: tiểu đường, tai biến, xơ vữa động mạch, gút, mỡ trong máu, tăng cholesterol, xơ gan, thận, viêm loét dạy dày – tá tràng và đặc biệt là bệnh ung thư ngày càng nhiều, người mắc bệnh ngày một trẻ hơn. Các chuyên gia đã cảnh báo, trong 5 năm tới Việt Nam sẽ đối diện với đại dịch ung thư. Tại sao vậy và các bạn đã làm gì để phòng tránh nó?', 59, 28, 'Sách Mới', 0, 0),
(29, 'Nhân Tố Enzyme\r\n\r\n', 'nhan_to_enzyme.jpg', '1.nhan_to_enzyme.jpg', 29, '0000-00-00', 'Lao Động', 'Thái Hà', 'Bìa Mềm', '14.5x20.5 cm', 350, 224, 21, 69000, 'Nhân Tố Enzyme:\r\n\r\nTừ kết quả lâm sàng khi tiến hành kiểm tra dạ dày của hơn 300.000 người, bác sĩ Hiromi Shinya đã rút ra kết luận: “Người có sức khỏe tốt là người có dạ dày đẹp, ngược lại, người có sức khỏe kém là người có dạ dày không đẹp.”\r\n \r\nÔng thường ví tình trạng của dạ dày, đường ruột là “vị tướng” và “tràng tướng” như người ta hay gọi “nhân tướng” vậy.', 59, 29, 'Sách Mới', 0, 0),
(30, 'Khéo Ăn Nói Sẽ Có Được Thiên Hạ\r\n', 'kheo_an_noi_se_co_duoc_thien_ha.jpg', '1.kheo_an_noi_se_co_duoc_thien_ha.jpg', 30, '0000-00-00', 'Văn Học', 'Minh Long', 'Bìa mềm', '16x23 cm', 450, 344, 15, 85000, 'Khéo Ăn Nói Sẽ Có Được Thiên Hạ\r\n\r\nXã hội hiện đại, từ xin việc đến thăng chức, từ tình yêu đến hôn nhân, từ giao lưu đến hợp tác… không việc gì không cần tài ăn nói.\r\n\r\nKhéo ăn nói giống như sở hữu loại “dầu bôi trơn” đảm bảo các mối quan hệ của bạn “vận hành” trơn tru. Không khéo ăn nói, gặp chuyện nhỏ mắc trở ngại, gặp chuyện lớn vấp thất bại.\r\n\r\nLàm thế nào để nói năng trôi chảy? Làm thế nào để nói lời “đi vào lòng người”? Trong những dịp khác nhau, với những người khác nhau, ở những tình huống không giống nhau… có cuốn sách này gợi ý, bạn sẽ thành người khéo ăn nói.\r\n', 47, 30, 'Sách Mới', 0, 0),
(31, 'Thế Giới Khác Đi Nhờ Có Bạn - Lý Khai Phục Tự Truyện MỚI', 'the_gioi_khac_di_nho_co_ban_ly_khai_phuc_tu_truyen.jpg', '1.the_gioi_khac_di_nho_co_ban_ly_khai_phuc_tu_truyen.jpg', 31, '2017-04-11', 'Tri Thức', 'Nhã Nam', 'Bìa Mềm', '15x24 cm', 620, 572, 18, 158000, 'Thế giới khác đi nhờ có bạn là câu chuyện của một người Mỹ gốc Hoa có tấm lòng ái quốc, Tiến sĩ Lý Khai Phục, một nhà khoa học máy tính xuất sắc. Cuốn sách xuyên suốt hành trình từ khi ông chào đời tới khi định cư ở Hoa Kỳ, rồi quay trở lại Trung Quốc đầy ngoạn mục.\r\n \r\nTừng được làm việc và nắm giữ những vị trí quan trọng trong những tập đoàn công nghệ hàng đầu thế giới: Apple, Microsoft, Google, Lý Khai Phục có điều kiện tiếp xúc sâu với những doanh nhân xuất chúng như: Steve Jobs, Bill Gates, Sergey Brin... Ông đã đúc kết được nhiều kinh nghiệm cả về quản trị và chuyên môn dưới nhiều góc độ; bên cạnh đó, ông luôn tìm cách kết hợp khéo léo giữa hai nền văn hóa Đông - Tây để tạo nên những thành công không chỉ cho cá nhân ông mà còn cho nhiều thế hệ trẻ. Có thể nói, bốn chữ “Trung Hoa chi luyến” của người cha đã khiến Lý Khai Phục không ngừng tìm kiếm và nắm lấy mọi cơ hội để đưa kiến thức và công nghệ tiên tiến về Trung Quốc.', 1, 31, 'Sách Mới', 0, 0),
(32, 'Bụi Đời Và Thục Nữ', 'bui_doi_va_thuc_nu.jpg', '1.bui_doi_va_thuc_nu.jpg', 32, '2017-04-06', 'Văn Hóa - Văn Nghệ', 'Phương Nam', 'Bìa Mềm', '13x20.5 cm', 270, 297, 10, 125000, 'Nguyễn Trí là \"ca\" đặc biệt trong bức tranh văn học Việt Nam những năm gần đây. Một người trải qua đủ thứ nghề: nấu rượu, nhảy tàu, đồ tể, đi tìm vàng, đá quý, trầm hương, chặt củi, đốt than, xe ôm và cả... dạy tiếng Anh (bồi). Lăn lộn khắp Trung Nam Bắc, chưa tới đỉnh nhưng với đáy xã hội cơ chừng gã cũng đã gần kề. Cuộc đời thăng trầm của gã người ta bảo là một pho nhưng với gã là nhiều kho tiểu thuyết! Và, gã lần lượt phục dựng kho tiểu thuyết ấy.', 1, 32, 'Sách Mới', 0, 0),
(33, 'Ai Cũng Đã Từng Yêu Như Thế (Tái Bản 2017)\r\n\r\n', 'ai_cung_da_tung_yeu_nhu_the_tai_ban_2017_.jpg', '1.ai_cung_da_tung_yeu_nhu_the_tai_ban_2017_.jpg', 33, '2017-03-17', 'Thiên Giới', 'Địa Giới', 'Bìa Mềm', '12x20 cm', 300, 248, 18, 79000, 'Đọc cuốn sách này, chắc hẳn bạn đọc sẽ thấy đồng cảm, đôi lúc còn tìm thấy mình trong câu chữ đó, rằng bản thân cũng từng có thời gian yêu hết mình như thế.\r\n\r\nCuốn sách gồm 3 tác phẩm nhỏ là Mối tình đầu, Tưởng yêu mà không phải yêu, Đừng đi. Với mỗi phần, tác giả viết những truyện ngắn khác nhau với nhân vật, nội dung không trùng nhau nhưng đều thể hiện về chủ đề tình yêu của giới trẻ và cách nhìn của tác giả về tình đầu.\r\n', 1, 33, 'Sách Mới', 0, 0),
(34, 'Những Mảnh Mắt Nhìn', 'nhung_manh_mat_nhin.jpg', '1.nhung_manh_mat_nhin.jpg', 34, '2017-03-31', 'Văn Hóa Văn Nghệ', 'Phương Nam', 'Bìa Mềm', '12x20 cm', 400, 226, 10, 80000, '“Giữa cánh đồng trơ gốc rạ, Cao đưa mẹ đi bỏ ông ngoại. Chiếc xe tay ga mới coóng tấp ngay lề đường. Không một bóng người trong cái nắng oi bức vùng ngoại ô hoang vu. Mai kéo lê ông già đi qua từng bờ đê khô cằn sỏi đá như kẻ du mục bụi đường chăn dắt, gào thét inh ỏi bên tai đến lạc giọng. Cao đứng sững nhìn theo chằm chằm, nửa cắn rứt, nửa mông lung, nhìn theo vết chân mẹ lướt vội qua từng ụ rơm vàng óng.\r\n\r\n- Mai ơi…\r\n\r\n- Ông im đi, đừng có mà giở chứng. tôi đưa đến đây rồi ông ăn vạ hay làm thì thì làm, tôi không biết.\r\n\r\n- Con ơi…\r\n\r\n- Ông đừng khua môi múa mép nữa. Tính tình kỳ cục không thể chịu nổi. Ông đi qua mà ở với con trai ông.\r\n\r\nXô cha vào hốc cây trước ngõ nhà Tân, Mai phủi tay bỏ đi. Đoạn đường vắng vẻ, nứt nẻ, gồ ghề như thiêu đốt người đàn ông khốn khổ tám mươi tuổi”.', 1, 34, 'Sách Mới', 0, 0),
(35, 'Gái Phượt\r\n', 'gai_phuot.jpg', '1.gai_phuot.jpg', 35, '2017-03-15', 'Hội Nhà Văn', 'Nhã Nam', 'Bìa Mềm', '14x20.5 cm', 280, 255, 17, 69000, 'Gái phượt là cô gái yêu đương mộng mơ khắc khoải theo những cung đường, mà ngay cả khi tiễn biệt một mối tình cũng phải đi một chuyến để chia tay. Là người mẹ tự tin một mình xách con lên đường, coi con là bạn đồng hành, để con có thể học từ thiên nhiên, học từ cuộc sống…', 1, 35, 'Sách Mới', 0, 0),
(36, 'Gáy Người Thì Lạnh\r\n', 'gay_nguoi_thi_lanh.jpg', '1.gay_nguoi_thi_lanh.jpg', 36, '2017-03-15', 'Trẻ', 'Trẻ', 'Bìa Mềm', '13x20', 180, 152, 16, 55000, 'Quá khứ là kỷ niệm ấm áp, còn tương lai là những khát khao. Giữa hai miền thời gian đó, những chuyến dong ruổi, dù ngắn, qua ngóc ngách của làng quê hiện tại, đã giúp nhà văn viết nên những chi tiết hiện thực gây nhói buốt. \"Gáy người thì lạnh\" giống như những lời trần tình (hay tự vấn) của tác giả, đồng thời cũng là chia sẻ đến những ai mong được kết nối với tự nhiên, thèm được thở \"những thứ khí trời bên ngoài cánh cửa\".', 1, 36, 'Sách Mới', 0, 0),
(37, 'Những Ngày Bão Táp\r\n', 'nhung_ngay_bao_tap.jpg', '1.nhung_ngay_bao_tap.jpg', 37, '2017-03-15', 'Trẻ', 'Trẻ', 'Bìa Mềm', '13x20 cm', 250, 214, 16, 63000, 'Những ngày bão táp được nhà văn Hữu Mai viết năm 1956, được nhiều người viết văn xuôi đánh giá là một trong những cuốn sách quan trọng về thời kỳ cải cách ruộng đất \r\n\r\n “Bằng hình thức nghệ thuật, tác giả  đã cho chúng ta biết những sự thật trong cải cách ruộng đất. Chúng ta đau xót với người bị oan, đau xót nhận thấy những sai lầm trong cải cách ruộng đất quả là nghiêm trọng; nhưng mặt khác, chúng ta thấy nhân dân bao giờ cũng sáng suốt và dũng cảm. Cho nên, mặc dù nói đến sai lầm, Những ngày bão táp không phải là một bức tranh màu xám. Người đọc không cảm thấy bi quan mà như đang đợi những ngày quang đãng sau cơn bão táp... Tôi đọc cuốn truyện suốt một mạch... Tôi hồi hộp theo dõi số mệnh của gia đình (nhân vật) và nóng lòng mong đợi sự kết thúc của câu chuyện. Do đâu có được cảm giác say sưa đó? Một phần do chủ đề mới, và một phần cũng nhờ tác giả đã khéo kể, khéo diễn tả... Có đôi lúc tác giả đạt đến chỗ tinh vi trong nghệ thuật diễn tả nội tâm của các hạng nhân vật\" (Phan Nhân, b', 1, 37, 'Sách Mới', 0, 0),
(38, 'Có Hẹn Với Paris\r\n', 'co_hen_voi_paris.jpg', '1.co_hen_voi_paris.jpg', 38, '2017-03-14', 'Trẻ', 'Trẻ', 'Bìa Mềm', '14x20 cm', 680, 230, 18, 150000, 'Có hẹn với Paris là tập đầu tiên trong loạt sách Amanda Huỳnh và sắc màu du ký, do chính tác giả viết, vẽ và thiết kế. \r\n\r\nCuốn du ký đầy những bức họa tuyệt đẹp này sẽ đưa độc giả đến với Paris, thành phố không chỉ nổi tiếng với những cảnh quan tráng lệ và lãng mạn mà còn lắm ngóc ngách bí mật, và nghe những câu chuyện mang màu sắc huyền thoại mà người Paris chưa hẳn đã biết hết. Như chuyện về  nước giếng thần trong khuôn viên nhà thờ, bà phù thủy không tiên tri được số phận của chính mình hay lời nguyền của nàng công chúa giàu có và xinh đẹp trong nghĩa trang Père de la Chaise, cùng vô số bí ẩn thú vị khác phía sau những cánh cửa, con đường, góc phố…', 1, 38, 'Sách Mới', 0, 0),
(39, 'Vẽ Em Bằng Màu Nỗi Nhớ (Tái Bản 2017)\r\n', 've_em_bang_mau_noi_nho_tai_ban_2017_.jpg', '1.ve_em_bang_mau_noi_nho_tai_ban_2017_.jpg', 39, '2017-03-13', 'Dân Trí', 'Bách Việt', 'Bìa Mềm', '14.5 x 20.5 cm', 530, 456, 17, 98000, 'Vẽ em bằng màu nỗi nhớ là một câu chuyện tình yêu có thật, đã làm thổn thức biết bao trái tim người đọc. Câu chuyện là hồi ký của nhân vật Khanh trong khoảng thời gian quay trở lại Việt Nam, đan xen cùng những ký ức của 6 năm trước đó. Khanh trở về quê hương khi có biết bao điều đã đổi thay, chỉ duy tình cảm của bà con, của những người bạn cũ là vẫn không thay đổi. Tại Sài Gòn, Khanh đã gặp lại Linh - người con gái của miền ký ức xưa, và Miu - cô gái tưởng như xa lạ mà lại rất đỗi thân thuộc. Liệu anh có quên được Linh - người con gái năm xưa anh từng yêu say đắm? Và liệu anh có nhận ra Miu - cô gái bé nhỏ với tình cách buồn vui thất thường? Câu chuyện xoay quanh cuộc sống thường ngày của những thanh niên trẻ trung và năng động, ở đó không chỉ có tình yêu đôi lứa, mà còn có cả tình bạn, tình thầy cô, tình cảm gia đình, tình đồng bào của những người con xa xứ… Tất cả mang đến thật nhiều cung bậc cảm xúc, từ hài hước cho đến tò mò, đôi khi là cả những giọt nước mắt đầy xúc động.', 1, 39, 'Sách Mới', 0, 0),
(40, 'Như Thiên Đường Lạnh', 'nhu_thien_duong_lanh.jpg', '1.nhu_thien_duong_lanh.jpg', 40, '2017-03-15', 'Hội Nhà Văn', 'Phương Nam', 'Bìa Mềm', '13x20.5cm', 250, 166, 10, 68000, 'Như Thiên Đường Lạnh tái hiện cuộc sống bình lặng của đôi vợ chồng trẻ ở cù lao An Thành (Vĩnh Long). Xuyên suốt tác phẩm là những cuộc tình vụng trộm, những giằng xé quẩn quanh không có hồi kết. Đứa con ra đời góp chút đổi thay trong tâm tư người chồng nhưng dường như cũng chẳng đủ sức nặng để dập tắt những cơn ảo mộng.\r\n \r\nThế nhưng, hơi ấm gia đình cứ thế ngấm dần, đến cuối cùng lại cất lên tiếng nói:\r\n \r\n\"Ánh đèn, tiếng ru báo hiệu cho chàng biết rằng nếp sống ở nhà vẫn không hề thay đổi. Khương vẫn sống giản dị trong khuôn khổ chật hẹp, trong những ngày tháng trâm trâm ù lì như những ngày qua và có lẽ những ngày sắp tới cũng vậy. Đây là vùng yên tĩnh và an toàn.\r\n\r\nTưởng gọi lớn, gọi thật lớn:\r\n\r\n- Mình ơi! Anh về đây!\"', 1, 40, 'Sách Mới', 0, 0),
(41, 'Ngọn Pháo Bông', 'ngon_phao_bong.jpg', '1.ngon_phao_bong.jpg', 41, '2017-03-15', 'Hội Nhà Văn', 'Phương Nam', 'Bìa Mềm', '13x20.5 cm', 250, 160, 10, 72000, 'Ngọn Pháo Bông:\r\n\r\nKhác với những cây bút nữ \"thời thượng\" của thập niên 1970, Nguyễn Thị Thụy Vũ đã chọn một lối đi khác hẳn: Khai thác về số phận vũ nữ, gái bán bar với nhiều chi tiết được thể hiện bằng con mắt quan sát của một nhà báo. Sỡ dĩ có được những trang viết sống động, tươi mới này, Nguyễn Thị Thụy Vũ cho biết, từ năm 1961, khi từ quê nhà Vĩnh Long lên Sài Gòn bà học tiếng Anh và sau đó đi dạy cho các cô bán Snack Bar. Nhờ đó, bà đã có chất liệu ngồn ngộn, chân thực để viết.\r\n \r\nSự tồn tại của loạt tác phẩm về đề tài này như Lao vào lửa, Ngọn pháo bông, Mèo đêm... không phải ở tình tiết bề ngoài mà chính là cái nhìn nhân văn, sự đồng cảm sâu sắc của nhà văn về một tầng lớp phụ nữ bị rẻ rúng, khinh thường - nói như thi hào Nguyễn Du, đó là hạng \"Sống làm vợ khắp người ta\", nhưng cuối cùng số phận của họ bi đát, cơ cực ra sao, ngòi bút của Nguyễn Thị Thụy Vũ đã có nhiều nỗ lực chạm đến.', 1, 41, 'Sách Mới', 0, 0),
(42, 'Chiều Xuống Êm Đềm\r\n', 'chieu_xuong_em_dem.jpg', '1.chieu_xuong_em_dem.jpg', 42, '2017-03-15', 'Hội Nhà Văn', 'Phương Nam', 'Bìa Mềm', '13x20.5 cm', 200, 128, 10, 58000, 'Chiều Xuống Êm Đềm không có nội dung phức tạp, không chú trọng miêu tả những biến động, xáo trộn trong cuộc đời cũng như trong tâm hồn của những người trẻ tuổi sống trong các gia đình quyền quý.', 1, 42, 'Sách Mới', 0, 0),
(43, '6 Ngày\r\n', '6_ngay.jpg', '1.6_ngay.jpg', 43, '2017-02-15', 'Trẻ', 'Trẻ', 'Bìa Mềm', '13x20 cm', 600, 388, 17, 105000, '6 ngày của một tuần với các buổi sáng trưa chiều tối đêm. Nhân vật công chức sống thế nào trong một ngày ấy trong thế giới của mình, nghĩ thế nào cho mỗi công việc, vui buồn thế nào cho mổi chuyện anh chứng kiến và tham dự. Cuộc sống thì đẹp, đời người thì hữu hạn, vui vẻ hay chán chường, giàu hay nghèo không phải là việc quan trọng nữa, mà quan trọng là được sống bình thường.\r\nGỬI Đ', 1, 43, 'Sách Mới', 0, 0),
(44, 'Đừng Ghét Tuyết Rơi', '1487051039.jpg', '1.1487051039.jpg', 44, '2017-02-04', 'Thế Giới', 'Văn Việt', 'Bìa Mềm', '14.5x20 cm', 400, 232, 18, 79000, 'Đừng ghét tuyết rơi là một cuốn sách lạ lùng nhưng không kém phần lãng mạn, sẽ đẩy trí tưởng tượng và cảm xúc của bạn lên tới tận cùng. Cuốn sách viết về tình yêu của hai con người trẻ tuổi, họ vô tình gặp gỡ nhau giữa ngày đầu tiên chàng trai bước vào cổng trường Đại học và từ đó, một câu chuyện tình lặng lẽ bắt đầu. Tất cả tựa như sắp xếp ngẫu nhiên của định mệnh, và càng lạ lùng hơn khi nó được gắn với một lời nguyền về chuỗi-tử-tình.  ', 1, 44, 'Sách Mới', 0, 0),
(45, 'Những Ngày Tươi Đẹp\r\n\r\n', 'nhung_ngay_tuoi_dep.jpg', '1.nhung_ngay_tuoi_dep.jpg', 45, '2017-02-18', 'Văn Hóa Văn Nghệ', 'Phương Nam', 'Bìa Mềm', '12x20 cm', 400, 214, 10, 79000, '\r\nNhững Ngày Tươi Đẹp là câu chuyện về một tình yêu đẹp giữa chàng thanh niên ôn thi cao học và cô bé ở vùng biển. Đẹp không phải là kết thúc đẹp mà vì họ luôn hướng về nhau với ký ức ngọt ngào, êm đềm. “Tôi đặt bó hoa marguerite trắng mà cô bé hằng ưa thích, trước ngôi mộ bằng cát rồi khum tay che gió châm một điều thuốc. Từ lâu tôi vẫn ước ao thực hiện một cuốn phim. Nhưng lúc này, trong nỗi buồn rầu, dù cho đầu óc đầy những hình ảnh nhập nhoè xáo trộn như hàng ngàn thước phim đã quay xong chỉ đợi chờ ráp nối, vậy mà tôi cứ phân vân không biết bắt đầu thực hiện cuốn phim trong trí tưởng của mình như thế nào”. Đoàn Thạch Biền viết về tình yêu chia lìa, như hầu hết các câu chuyện của anh, nhưng không quá cay đắng và nghiệt ngã, như một cơn mưa thoáng qua, như những gợn sóng lăn tăn.', 1, 45, 'Sách Mới', 0, 0),
(46, 'Người Yêu Dấu Và Những Truyện Khác\r\n', 'nguoi_yeu_dau_va_nhung_truyen_khac.jpg', '1.nguoi_yeu_dau_va_nhung_truyen_khac.jpg', 46, '2017-01-26', 'Phụ Nữ', 'Phụ Nữ', 'Bìa Mềm', '13.5x20.5 cm', 300, 212, 18, 60000, '\r\nGồm 1 truyện dài có độ nén của 1 tiểu thuyết ( Người yêu dấu ) và 9 truyện ngắn, tập truyện mới của Dạ Ngân vẫn là những nhát cắt đời sống trên cái phông xã hội hậu chiến, từ sau giải phóng đến hiện tại. Đã có rất nhiều tác phẩm trong văn học ta, khi viết về khoảng này, với cảm hứng chung từ nỗi hân hoan náo nức của một dân tộc vừa bước ra khỏi cuộc chiến tranh trường kỳ, chất tráng ca còn vọng nhiều thế hệ. Là phụ nữ, lại là người...', 1, 46, 'Sách mới', 0, 0),
(47, 'Thiện, Ác Và Smart Phone\r\n', 'thien_ac_va_smart_phone.jpg', '1.thien_ac_va_smart_phone.jpg', 47, '2017-01-14', 'Hội Nhà Văn', 'Nhã Nam', 'Bìa Mềm', '14x20.5 cm', 400, 307, 18, 88000, 'Có lẽ chúng ta đang chứng kiến sự phục sinh đáng kinh ngạc của hiện tượng làm nhục công cộng, khi trong thời đại của Internet, chưa bao giờ con người lại bị lăng nhục nhanh, nhiều và dễ dàng đến thế! Những câu chuyện thời sự nóng bỏng trong Thiện, Ác và Smartphone của Đặng Hoàng Giang đã phác họa sắc nét bức chân dung của văn hóa làm nhục thời mạng xã hội, với toàn bộ sự xấu xí và sức phá hủy của nó. Cùng những phân tích thấu đáo buộc chúng ta phải đối diện chính bản thân mình, và giật mình nhận ra đôi khi bản thân cũng đang góp phần tạo ra bức tranh chung đó…\r\n \r\nKhông dừng lại ở đó, tác giả tìm ra con đường thoát bằng sức mạnh của sự điềm tĩnh, vững vàng và trắc ẩn. Để ý thức rằng đằng sau những avatar ảo là con người thật, rằng mỗi nút like có thể là một ngọn roi góp vào cuộc hành hình tập thể. Để phê bình mà không mạt sát, lên án nhưng không lăng nhục. Để trong khi thượng tôn pháp luật vẫn trân trọng nhân phẩm con người. Để thấu cảm, khoan dung và tha thứ. Để hướng tới một xã hội c', 1, 47, 'Sách Mới', 0, 0),
(48, 'Bởi Cuộc Đời Không Có Những Giá Như\r\n', 'boi_cuoc_doi_khong_co_nhung_gia_nhu.jpg', '1.boi_cuoc_doi_khong_co_nhung_gia_nhu.jpg', 48, '2017-01-25', 'Văn Hóa Văn Nghệ', 'Phương Nam', 'Bìa Mềm', '12x20 cm', 400, 200, 10, 75000, 'Bởi Cuộc Đời Không Có Những Giá Như:\r\n\r\nSống ở đời, mỗi người một mưu cầu riêng biệt, người muốn danh vọng, người muốn tiền của, có người tham lam thì thứ gì cũng muốn, cũng hăng hái vơ lấy vào mình. Xã hội hiện đại vô tình tạo ra thói quen mà ngay cả khi rảnh rang người ta cũng khó sống thật với bản thân vì mãi say sưa với bao mong mỏi của cá nhân bằng tham, si, sân hận...\r\n \r\nThật lòng, tôi không hy vọng và cố gắng để tập sách này sẽ đầy rẫy lời văn bóng bẩy, lãng mạn hay tổng hợp chiêm nghiệm non cạn của một người trẻ thiếu vốn sống và không nhiều trải nghiệm như tôi. Tất thảy chỉ là cảm xúc và suy nghiệm của cá nhân về bao chuyện trải qua, bao người đã gặp nhưng tôi luôn nhìn nhận một cách nghiêm túc, chân thành.', 1, 48, 'Sách Mới', 0, 0),
(49, 'Chiếc Nỏ Cánh Dâu', 'chiec_no_canh_dau.jpg', '1.chiec_no_canh_dau.jpg', 49, '2017-01-25', 'Thế Giới', 'Phương Nam', 'Bìa Mềm', '13x20.5 cm', 600, 380, 10, 115000, '\r\nTrong những năm 30 xuất hiện một thể loại văn xuôi gọi là Truyện đường rừng, là thể loại văn xuôi về đề tài miền núi,dưới hình thức phiêu lưu, kì ẩn, ma và thần; nói nôm na đó là những truyện chỉ có ở rừng, thuộc về văn hoá rừng Việt Nam. Nhiều tác giả văn xuôi thời kỳ này đã thử sức với thể loại mới mẻ này, tạo được dư luận rộng rãi và sự hưởng ứng nhiệt tình của bạn đọc ba miền Bắc, Trung, Nam như Thế Lữ, Lưu Trọng Lư, Nhất Linh, Hồ Dzếnh, Vũ Bằng, Lan Khai, Lý Văn Sâm…. Tuy nhiên cho đến nay, nhắc đến Truyện đường rừng người ta vẫn nhắc đến hai tên tuổi lớn là Lan Khia và Thế Lữ.', 1, 49, 'Sách Mới', 0, 0),
(50, 'Lạc Nhau Giữa Thanh Xuân Tươi Đẹp Nhất\r\n', 'lac_nhau_giua_thanh_xuan_tuoi_dep_nhat.jpg', '1.lac_nhau_giua_thanh_xuan_tuoi_dep_nhat.jpg', 50, '2017-01-16', 'Phụ Nữ', 'Đinh Tị', 'Bìa Mềm', '14x20.5 cm', 530, 500, 18, 126000, 'Hai người bạn thân từ thưở nhỏ gắn bó với nhau như chị em ruột, cùng yêu một chàng trai đa nhân cách. Cuối cùng ai sẽ thuộc về ai?\r\n \r\nMột đứa con rơi của triệu phú ẩn danh trên thế giới, đã làm đủ mọi cách để tồn tại trong một gia tộc lớn, chứng kiến sự hi sinh thầm lặng của người mẹ mình hết mực yêu thương cho cuộc đời này. Anh sẽ chọn tình yêu hay gia tộc và danh vọng? Chọn cuộc sống tự do của riêng mình hay vì mẹ và những đánh đổi trong quá khứ mà đi tiếp con đường đã định sẵn?', 1, 50, 'Sách Mới', 0, 0),
(51, 'Trái Tim Đàn Bà (Tái bản 2016)', 'trai_tim_dan_ba.jpg', '1.trai_tim_dan_ba.jpg', 51, '2016-01-01', 'Văn Hóa Thông Tin', 'Phụ Nữ', 'Bìa mềm', '17x24 cm', 700, 203, 18, 149000, '“Trái tim đàn bà” bản 2016 thật đặc biệt với định dạng Art Book. Ở quyển sách này, tranh Nguyễn Thanh Bình và phần chữ của nhà văn Nguyễn Quỳnh Hương là hai giọng kể song song về lòng âu yếm và yêu dấu đời sống này.\r\n \r\n\'Trái tim đàn bà\' - sách khơi dậy những yêu thương\r\nCuốn tạp bút của nhà báo Nguyễn Quỳnh Hương như một hạt giống gieo vào trái tim và tâm hồn người thành thị.\r\n ', 1, 51, 'Sách Cũ', 0, 0),
(52, 'Nhân Gian Nằm Nghiêng\r\n', 'nhan_gian_nam_nghieng.jpg', '1.nhan_gian_nam_nghieng.jpg', 52, '2017-01-03', 'Trẻ', 'Trẻ', 'Bìa Mềm', '13x20 cm', 600, 496, 17, 115000, '\r\n“Nhân gian nằm nghiêng” là một câu chuyện giả sử kể về một đôi trai gái sống ở thời hiện đại đột nhiên bị rơi vào dòng xoáy trở về quá khứ. Lấy bối cảnh là cuộc kháng chiến vệ quốc vào thế kỉ thứ XIII, tác phẩm là câu chuyện mang màu sắc Phật giáo, về cuộc hành trình của một đứa con đi tìm mẹ, về chặng đường của những người đi tìm cái tôi trong cái ta chung của dân tộc, đồng thời phỏng dựng lại những nét đẹp văn hóa dân gian ngày nay đã ít nhiều mai một và một tình yêu đất nước chân thành, mãnh liệt của con dân Đại Việt.\r\nGỬI ĐÁNH GIÁ CỦA BẠN', 1, 52, 'Sách Cũ', 0, 0),
(53, 'Vắng Mặt (Tái Bản 2016)\r\n', 'vang_mat.jpg', '1.vang_mat.jpg', 53, '0000-00-00', 'Trẻ', 'Trẻ', 'Bìa Mềm', '13x20 cm', 500, 356, 17, 103000, 'Vắng mặt là câu chuyện của cuộc sống đương đại, là “nỗi niềm của những người như chúng mình ngày một thêm vắng mặt ở ngay chính nơi mình sinh ra và lớn lên, ở ngay chính công việc mà mình được đào tạo.”\r\n \r\nDường như những câu chuyện thật của cuộc đời được sắp xếp vào đây thành nên tác phẩm. Vì thế có thể nhìn thấy chính ta trong những dích dắc của chuyển động trong cuốn sách.', 1, 53, 'Sách Cũ', 0, 0),
(54, 'Rong Chơi Miền Ký Ức', 'rong_choi_mien_ky_uc.jpg', '1.rong_choi_mien_ky_uc.jpg', 54, '0000-00-00', 'Trẻ', 'Trẻ', 'Bìa Mềm', '13x20 cm', 400, 272, 18, 75000, 'Ký ức về một mối tình sâu nặng và nhiều mối tình thoảng qua.\r\n \r\nMiền ký ức của người họa sĩ có rất nhiều màu sắc và âm thanh, chi tiết rõ mồn một như một cuốn phim hiện ra trước mắt về thành phố nơi ông sống thuở ấu thơ, thời thanh niên với bao nhiêu hoài bão và mơ mộng.  \r\n \r\nCuốn tiểu thuyết được viết theo một cách đặc biệt: rất nhiều những chú thích rất dài. Đọc thì mới hiểu, không chỉ là chú thích, đây cũng là ký ức của đoạn đời ấy, về khoảnh khắc ấy.  \r\n \r\nTác giả tâm sự: “Nói ra điều này chắc bạn buồn cười, tôi yêu Hà Nội vì những gì nhôm nhoam vô lối của nó. Không có những nhôm nhoam ấy e rằng tôi cũng mất luôn hai cảm giác phẫn nộ và xót xa.”\r\n ', 1, 54, '', 0, 0),
(55, 'Có Ai Yêu Em Như Anh (Tái Bản 2016)\r\n', 'co_ai_yeu_em_nhu_anh_tai_ban_2016_.jpg', '1.co_ai_yeu_em_nhu_anh_tai_ban_2016_.jpg', 55, '0000-00-00', 'Dân Trí', 'Bách Việt', 'Bìa Mềm', '14.5x20.5 cm', 700, 532, 17, 102000, '\r\nMột câu chuyện tình vừa thân thuộc lại vừa mới mẻ. Thân thuộc bởi nó bắt đầu ở công sở - nơi rất nhiều tình yêu đơm hoa kết trái. Mới mẻ bởi những tình tiết độc đáo, hài hước nhưng không kém phần sâu sắc về tình yêu, tình bạn và gia đình. \r\n \r\nThảo Nguyên và Thế Phong, họ vô tình trở thành một đôi oan gia đầy duyên phận từ sau buổi lễ bổ nhiệm Tổng giám đốc. Đó là ngày tồi tệ với một nhân viên mẫn cán như Đặng Thảo Nguyên. Đi làm trễ vào đúng ngày mà Tổng giám đốc đến thăm chi nhánh của cô. Thế là tiền thưởng của mấy tháng trời làm việc vất vả cứ thế... \"vẫy tay chào tạm biệt\". Đã vậy, cô còn \"tự làm mình nổi bật\" bằng cách vô tư đi vào phòng họp với chiếc áo cài lệch khuy. Vào trong thang máy thì ngang nhiên chào hỏi nhầm đối tượng vì sếp Tổng trẻ trung và đẹp trai quá, khiến cô nàng cứ ngỡ đó là... trợ lý Tổng giám đốc. Thảo Nguyên đau khổ tự nhủ từ nay về sau chắc mình sẽ bị sếp tổng trù không ngóc đầu lên được mất. \r\n ', 1, 55, 'Sách Cũ', 0, 0),
(56, 'Vì Chưa Bao Giờ Kết Thúc\r\n', 'vi_chua_bao_gio_ket_thuc.jpg', '1.vi_chua_bao_gio_ket_thuc.jpg', 56, '0000-00-00', 'Văn Hóa Văn Nghệ', 'Phương Nam', 'Bìa Mềm', '13x20.5', 800, 488, 6, 165000, 'Vì Chưa Bao Giờ Kết Thúc:\r\n\r\nTin yêu & hoài nghi \r\n\r\nhạnh phúc & tuyệt vọng... \r\n\r\nlà những toan tính sắp đặt hay trò đùa của số phận?\r\n \r\nẨn ức, hiểu lầm, mâu thuẫn... dồn nén đến tận trang viết cuối cùng, vẽ nên một bức tranh phức hợp buồn vui, tị hiềm trong những mối quan hệ đan xen chồng chéo. Giữa bức tranh ấy là tình yêu, sự hi sinh, lòng vị tha của những con người sống cuộc đời rất-con-người. Có kẻ vì tình yêu mà chấp nhận từ bỏ tình yêu. Có tâm hồn thà để mình cô đơn, bị hiểu lầm còn hơn thấy người mình thương đau khổ... Mỗi nhân vật trong trang viết của Lê Hữu Nam đã luôn chân thật như thế, dù dưới lớp vỏ bọc của những toan tính, ích kỷ cá nhân.', 1, 56, 'Sách Cũ', 0, 0),
(57, 'Nào, Mình Cùng Đạp Xe Đến Paris\r\n', 'nao_minh_cung_dap_xe_den_paris.jpg', '1.nao_minh_cung_dap_xe_den_paris.jpg', 57, '0000-00-00', 'Văn Học', 'Nhã Nam', 'Bìa Mềm', '14x20.5 cm', 450, 350, 17, 89000, 'Nào, Mình Cùng Đạp Xe Đến Paris: \r\n', 1, 57, 'Sách Cũ', 0, 0),
(58, 'Sườn Heo Nấu Đậu\r\n', 'suon_heo_nau_dau.jpg', '1.suon_heo_nau_dau.jpg', 58, '0000-00-00', 'Dân Trí', 'Skybooks', 'Bìa Mềm', '15 x 15 cm', 352, 300, 18, 86000, '“Anh là Sườn Heo, em là Đậu Đỏ. Hai đứa mình là một nồi canh hạnh phúc!\r\n \r\nTrên toàn cõi Facebooks, còn ai là chưa biết đến Đậu Đỏ Tung Tăng – hay còn gọi là “con Đậu” với những phát ngôn gây shock giúp nó “chiêu mộ” một lượng fan hùng hậu, đông đảo?\r\n \r\nNếu bạn đã biết đến con Đậu, thì thật là một thiếu sót lớn lao nếu bỏ chuyện tình lồi lõm, lầy lội, bầy hầy không giống ai của nó với chàng Sườn Heo. Tình yêu của Sườn Heo và Đậu Đỏ là tình yêu điển hình của hai kẻ mê game, ham vui, luôn cãi nhau chí chóe.\r\n \r\nVới hơn 80.000 lượt yêu thích trên Facebook, cùng hàng chục nghìn lượt chia sẻ và bàn tán điên đảo…\r\n ', 1, 58, 'Sách Cũ', 0, 0),
(59, 'Thú Hoang', 'thu_hoang.jpg', '1.thu_hoang.jpg', 59, '2016-01-05', 'Hội nhà văn', 'Phương Nam', 'Bìa Mềm', '13x20.5 cm', 450, 286, 10, 129000, '\r\nThú Hoang mở đầu với không gian trong lành của một vùng quê có niềm vui, những trò nghịch ngợm của các cô cậu học trò lớp đệ Tứ A. Xuất thân từ gia cảnh bình thường, lớn lên trong một xã hội bị chiến tranh giằng xé, những Liễu, Đức, Kim, Oanh, Tín… không thể đứng ngoài thực tại. Trò đùa vui thời thơ ấu nhường chỗ cho toan tính đời thường, tình bạn thời thơ ấu cũng nhường chỗ cho tình yêu, lọc lừa.', 1, 1, 'Sách cũ', 0, 0),
(60, 'Thú Hoang', 'thu_hoang.jpg', '1.thu_hoang.jpg', 59, '2016-01-05', 'Hội nhà văn', 'Phương Nam', 'Bìa Mềm', '13x20.5 cm', 450, 286, 10, 129000, '\r\nThú Hoang mở đầu với không gian trong lành của một vùng quê có niềm vui, những trò nghịch ngợm của các cô cậu học trò lớp đệ Tứ A. Xuất thân từ gia cảnh bình thường, lớn lên trong một xã hội bị chiến tranh giằng xé, những Liễu, Đức, Kim, Oanh, Tín… không thể đứng ngoài thực tại. Trò đùa vui thời thơ ấu nhường chỗ cho toan tính đời thường, tình bạn thời thơ ấu cũng nhường chỗ cho tình yêu, lọc lừa.', 2, 1, 'Sách cũ', 0, 0),
(61, 'Thú Hoang', 'thu_hoang.jpg', '1.thu_hoang.jpg', 59, '2016-01-05', 'Hội nhà văn', 'Phương Nam', 'Bìa Mềm', '13x20.5 cm', 450, 286, 10, 129000, '\r\nThú Hoang mở đầu với không gian trong lành của một vùng quê có niềm vui, những trò nghịch ngợm của các cô cậu học trò lớp đệ Tứ A. Xuất thân từ gia cảnh bình thường, lớn lên trong một xã hội bị chiến tranh giằng xé, những Liễu, Đức, Kim, Oanh, Tín… không thể đứng ngoài thực tại. Trò đùa vui thời thơ ấu nhường chỗ cho toan tính đời thường, tình bạn thời thơ ấu cũng nhường chỗ cho tình yêu, lọc lừa.', 3, 1, 'Sách cũ', 0, 0),
(62, 'Thú Hoang', 'thu_hoang.jpg', '1.thu_hoang.jpg', 59, '2016-01-05', 'Hội nhà văn', 'Phương Nam', 'Bìa Mềm', '13x20.5 cm', 450, 286, 10, 129000, '\r\nThú Hoang mở đầu với không gian trong lành của một vùng quê có niềm vui, những trò nghịch ngợm của các cô cậu học trò lớp đệ Tứ A. Xuất thân từ gia cảnh bình thường, lớn lên trong một xã hội bị chiến tranh giằng xé, những Liễu, Đức, Kim, Oanh, Tín… không thể đứng ngoài thực tại. Trò đùa vui thời thơ ấu nhường chỗ cho toan tính đời thường, tình bạn thời thơ ấu cũng nhường chỗ cho tình yêu, lọc lừa.', 4, 1, 'Sách cũ', 0, 0);
INSERT INTO `book` (`idbook`, `name`, `imgdetail`, `imgbg`, `idauthor`, `ngayxb`, `nhaxb`, `nhaph`, `dangbia`, `size`, `weight`, `totalpages`, `saleoff`, `price`, `info`, `idtype`, `highlights`, `status`, `sold`, `checkDelete`) VALUES
(63, 'Thú Hoang', 'thu_hoang.jpg', '1.thu_hoang.jpg', 59, '2016-01-05', 'Hội nhà văn', 'Phương Nam', 'Bìa Mềm', '13x20.5 cm', 450, 286, 10, 129000, '\r\nThú Hoang mở đầu với không gian trong lành của một vùng quê có niềm vui, những trò nghịch ngợm của các cô cậu học trò lớp đệ Tứ A. Xuất thân từ gia cảnh bình thường, lớn lên trong một xã hội bị chiến tranh giằng xé, những Liễu, Đức, Kim, Oanh, Tín… không thể đứng ngoài thực tại. Trò đùa vui thời thơ ấu nhường chỗ cho toan tính đời thường, tình bạn thời thơ ấu cũng nhường chỗ cho tình yêu, lọc lừa.', 5, 1, 'Sách cũ', 0, 0),
(64, 'Thú Hoang', 'thu_hoang.jpg', '1.thu_hoang.jpg', 59, '2016-01-05', 'Hội nhà văn', 'Phương Nam', 'Bìa Mềm', '13x20.5 cm', 450, 286, 10, 129000, '\r\nThú Hoang mở đầu với không gian trong lành của một vùng quê có niềm vui, những trò nghịch ngợm của các cô cậu học trò lớp đệ Tứ A. Xuất thân từ gia cảnh bình thường, lớn lên trong một xã hội bị chiến tranh giằng xé, những Liễu, Đức, Kim, Oanh, Tín… không thể đứng ngoài thực tại. Trò đùa vui thời thơ ấu nhường chỗ cho toan tính đời thường, tình bạn thời thơ ấu cũng nhường chỗ cho tình yêu, lọc lừa.', 6, 1, 'Sách cũ', 0, 0),
(65, 'Thú Hoang', 'thu_hoang.jpg', '1.thu_hoang.jpg', 59, '2016-01-05', 'Hội nhà văn', 'Phương Nam', 'Bìa Mềm', '13x20.5 cm', 450, 286, 10, 129000, '\r\nThú Hoang mở đầu với không gian trong lành của một vùng quê có niềm vui, những trò nghịch ngợm của các cô cậu học trò lớp đệ Tứ A. Xuất thân từ gia cảnh bình thường, lớn lên trong một xã hội bị chiến tranh giằng xé, những Liễu, Đức, Kim, Oanh, Tín… không thể đứng ngoài thực tại. Trò đùa vui thời thơ ấu nhường chỗ cho toan tính đời thường, tình bạn thời thơ ấu cũng nhường chỗ cho tình yêu, lọc lừa.', 7, 1, 'Sách cũ', 0, 0),
(66, 'Thú Hoang', 'thu_hoang.jpg', '1.thu_hoang.jpg', 59, '2016-01-05', 'Hội nhà văn', 'Phương Nam', 'Bìa Mềm', '13x20.5 cm', 450, 286, 10, 129000, '\r\nThú Hoang mở đầu với không gian trong lành của một vùng quê có niềm vui, những trò nghịch ngợm của các cô cậu học trò lớp đệ Tứ A. Xuất thân từ gia cảnh bình thường, lớn lên trong một xã hội bị chiến tranh giằng xé, những Liễu, Đức, Kim, Oanh, Tín… không thể đứng ngoài thực tại. Trò đùa vui thời thơ ấu nhường chỗ cho toan tính đời thường, tình bạn thời thơ ấu cũng nhường chỗ cho tình yêu, lọc lừa.', 8, 1, 'Sách cũ', 0, 0),
(67, 'Thú Hoang', 'thu_hoang.jpg', '1.thu_hoang.jpg', 59, '2016-01-05', 'Hội nhà văn', 'Phương Nam', 'Bìa Mềm', '13x20.5 cm', 450, 286, 10, 129000, '\r\nThú Hoang mở đầu với không gian trong lành của một vùng quê có niềm vui, những trò nghịch ngợm của các cô cậu học trò lớp đệ Tứ A. Xuất thân từ gia cảnh bình thường, lớn lên trong một xã hội bị chiến tranh giằng xé, những Liễu, Đức, Kim, Oanh, Tín… không thể đứng ngoài thực tại. Trò đùa vui thời thơ ấu nhường chỗ cho toan tính đời thường, tình bạn thời thơ ấu cũng nhường chỗ cho tình yêu, lọc lừa.', 9, 1, 'Sách cũ', 0, 0),
(68, 'Thú Hoang', 'thu_hoang.jpg', '1.thu_hoang.jpg', 59, '2016-01-05', 'Hội nhà văn', 'Phương Nam', 'Bìa Mềm', '13x20.5 cm', 450, 286, 10, 129000, '\r\nThú Hoang mở đầu với không gian trong lành của một vùng quê có niềm vui, những trò nghịch ngợm của các cô cậu học trò lớp đệ Tứ A. Xuất thân từ gia cảnh bình thường, lớn lên trong một xã hội bị chiến tranh giằng xé, những Liễu, Đức, Kim, Oanh, Tín… không thể đứng ngoài thực tại. Trò đùa vui thời thơ ấu nhường chỗ cho toan tính đời thường, tình bạn thời thơ ấu cũng nhường chỗ cho tình yêu, lọc lừa.', 10, 1, 'Sách cũ', 0, 0),
(69, 'Thú Hoang', 'thu_hoang.jpg', '1.thu_hoang.jpg', 59, '2016-01-05', 'Hội nhà văn', 'Phương Nam', 'Bìa Mềm', '13x20.5 cm', 450, 286, 10, 129000, '\r\nThú Hoang mở đầu với không gian trong lành của một vùng quê có niềm vui, những trò nghịch ngợm của các cô cậu học trò lớp đệ Tứ A. Xuất thân từ gia cảnh bình thường, lớn lên trong một xã hội bị chiến tranh giằng xé, những Liễu, Đức, Kim, Oanh, Tín… không thể đứng ngoài thực tại. Trò đùa vui thời thơ ấu nhường chỗ cho toan tính đời thường, tình bạn thời thơ ấu cũng nhường chỗ cho tình yêu, lọc lừa.', 11, 1, 'Sách cũ', 0, 0),
(70, 'Thú Hoang', 'thu_hoang.jpg', '1.thu_hoang.jpg', 59, '2016-01-05', 'Hội nhà văn', 'Phương Nam', 'Bìa Mềm', '13x20.5 cm', 450, 286, 10, 129000, '\r\nThú Hoang mở đầu với không gian trong lành của một vùng quê có niềm vui, những trò nghịch ngợm của các cô cậu học trò lớp đệ Tứ A. Xuất thân từ gia cảnh bình thường, lớn lên trong một xã hội bị chiến tranh giằng xé, những Liễu, Đức, Kim, Oanh, Tín… không thể đứng ngoài thực tại. Trò đùa vui thời thơ ấu nhường chỗ cho toan tính đời thường, tình bạn thời thơ ấu cũng nhường chỗ cho tình yêu, lọc lừa.', 12, 1, 'Sách cũ', 0, 0),
(71, 'Thú Hoang', 'thu_hoang.jpg', '1.thu_hoang.jpg', 59, '2016-01-05', 'Hội nhà văn', 'Phương Nam', 'Bìa Mềm', '13x20.5 cm', 450, 286, 10, 129000, '\r\nThú Hoang mở đầu với không gian trong lành của một vùng quê có niềm vui, những trò nghịch ngợm của các cô cậu học trò lớp đệ Tứ A. Xuất thân từ gia cảnh bình thường, lớn lên trong một xã hội bị chiến tranh giằng xé, những Liễu, Đức, Kim, Oanh, Tín… không thể đứng ngoài thực tại. Trò đùa vui thời thơ ấu nhường chỗ cho toan tính đời thường, tình bạn thời thơ ấu cũng nhường chỗ cho tình yêu, lọc lừa.', 13, 1, 'Sách cũ', 0, 0),
(72, 'Thú Hoang', 'thu_hoang.jpg', '1.thu_hoang.jpg', 59, '2016-01-05', 'Hội nhà văn', 'Phương Nam', 'Bìa Mềm', '13x20.5 cm', 450, 286, 10, 129000, '\r\nThú Hoang mở đầu với không gian trong lành của một vùng quê có niềm vui, những trò nghịch ngợm của các cô cậu học trò lớp đệ Tứ A. Xuất thân từ gia cảnh bình thường, lớn lên trong một xã hội bị chiến tranh giằng xé, những Liễu, Đức, Kim, Oanh, Tín… không thể đứng ngoài thực tại. Trò đùa vui thời thơ ấu nhường chỗ cho toan tính đời thường, tình bạn thời thơ ấu cũng nhường chỗ cho tình yêu, lọc lừa.', 14, 1, 'Sách cũ', 0, 0),
(73, 'Thú Hoang', 'thu_hoang.jpg', '1.thu_hoang.jpg', 59, '2016-01-05', 'Hội nhà văn', 'Phương Nam', 'Bìa Mềm', '13x20.5 cm', 450, 286, 10, 129000, '\r\nThú Hoang mở đầu với không gian trong lành của một vùng quê có niềm vui, những trò nghịch ngợm của các cô cậu học trò lớp đệ Tứ A. Xuất thân từ gia cảnh bình thường, lớn lên trong một xã hội bị chiến tranh giằng xé, những Liễu, Đức, Kim, Oanh, Tín… không thể đứng ngoài thực tại. Trò đùa vui thời thơ ấu nhường chỗ cho toan tính đời thường, tình bạn thời thơ ấu cũng nhường chỗ cho tình yêu, lọc lừa.', 15, 1, 'Sách cũ', 0, 0),
(74, 'Thú Hoang', 'thu_hoang.jpg', '1.thu_hoang.jpg', 59, '2016-01-05', 'Hội nhà văn', 'Phương Nam', 'Bìa Mềm', '13x20.5 cm', 450, 286, 10, 129000, '\r\nThú Hoang mở đầu với không gian trong lành của một vùng quê có niềm vui, những trò nghịch ngợm của các cô cậu học trò lớp đệ Tứ A. Xuất thân từ gia cảnh bình thường, lớn lên trong một xã hội bị chiến tranh giằng xé, những Liễu, Đức, Kim, Oanh, Tín… không thể đứng ngoài thực tại. Trò đùa vui thời thơ ấu nhường chỗ cho toan tính đời thường, tình bạn thời thơ ấu cũng nhường chỗ cho tình yêu, lọc lừa.', 16, 1, 'Sách cũ', 0, 0),
(75, 'Thú Hoang', 'thu_hoang.jpg', '1.thu_hoang.jpg', 59, '2016-01-05', 'Hội nhà văn', 'Phương Nam', 'Bìa Mềm', '13x20.5 cm', 450, 286, 10, 129000, '\r\nThú Hoang mở đầu với không gian trong lành của một vùng quê có niềm vui, những trò nghịch ngợm của các cô cậu học trò lớp đệ Tứ A. Xuất thân từ gia cảnh bình thường, lớn lên trong một xã hội bị chiến tranh giằng xé, những Liễu, Đức, Kim, Oanh, Tín… không thể đứng ngoài thực tại. Trò đùa vui thời thơ ấu nhường chỗ cho toan tính đời thường, tình bạn thời thơ ấu cũng nhường chỗ cho tình yêu, lọc lừa.', 17, 1, 'Sách cũ', 0, 0),
(76, 'Thú Hoang', 'thu_hoang.jpg', '1.thu_hoang.jpg', 59, '2016-01-05', 'Hội nhà văn', 'Phương Nam', 'Bìa Mềm', '13x20.5 cm', 450, 286, 10, 129000, '\r\nThú Hoang mở đầu với không gian trong lành của một vùng quê có niềm vui, những trò nghịch ngợm của các cô cậu học trò lớp đệ Tứ A. Xuất thân từ gia cảnh bình thường, lớn lên trong một xã hội bị chiến tranh giằng xé, những Liễu, Đức, Kim, Oanh, Tín… không thể đứng ngoài thực tại. Trò đùa vui thời thơ ấu nhường chỗ cho toan tính đời thường, tình bạn thời thơ ấu cũng nhường chỗ cho tình yêu, lọc lừa.', 18, 1, 'Sách cũ', 0, 0),
(77, 'Thú Hoang', 'thu_hoang.jpg', '1.thu_hoang.jpg', 59, '2016-01-05', 'Hội nhà văn', 'Phương Nam', 'Bìa Mềm', '13x20.5 cm', 450, 286, 10, 129000, '\r\nThú Hoang mở đầu với không gian trong lành của một vùng quê có niềm vui, những trò nghịch ngợm của các cô cậu học trò lớp đệ Tứ A. Xuất thân từ gia cảnh bình thường, lớn lên trong một xã hội bị chiến tranh giằng xé, những Liễu, Đức, Kim, Oanh, Tín… không thể đứng ngoài thực tại. Trò đùa vui thời thơ ấu nhường chỗ cho toan tính đời thường, tình bạn thời thơ ấu cũng nhường chỗ cho tình yêu, lọc lừa.', 19, 1, 'Sách cũ', 0, 0),
(78, 'Thú Hoang', 'thu_hoang.jpg', '1.thu_hoang.jpg', 59, '2016-01-05', 'Hội nhà văn', 'Phương Nam', 'Bìa Mềm', '13x20.5 cm', 450, 286, 10, 129000, '\r\nThú Hoang mở đầu với không gian trong lành của một vùng quê có niềm vui, những trò nghịch ngợm của các cô cậu học trò lớp đệ Tứ A. Xuất thân từ gia cảnh bình thường, lớn lên trong một xã hội bị chiến tranh giằng xé, những Liễu, Đức, Kim, Oanh, Tín… không thể đứng ngoài thực tại. Trò đùa vui thời thơ ấu nhường chỗ cho toan tính đời thường, tình bạn thời thơ ấu cũng nhường chỗ cho tình yêu, lọc lừa.', 20, 1, 'Sách cũ', 0, 0),
(79, 'Thú Hoang', 'thu_hoang.jpg', '1.thu_hoang.jpg', 59, '2016-01-05', 'Hội nhà văn', 'Phương Nam', 'Bìa Mềm', '13x20.5 cm', 450, 286, 10, 129000, '\r\nThú Hoang mở đầu với không gian trong lành của một vùng quê có niềm vui, những trò nghịch ngợm của các cô cậu học trò lớp đệ Tứ A. Xuất thân từ gia cảnh bình thường, lớn lên trong một xã hội bị chiến tranh giằng xé, những Liễu, Đức, Kim, Oanh, Tín… không thể đứng ngoài thực tại. Trò đùa vui thời thơ ấu nhường chỗ cho toan tính đời thường, tình bạn thời thơ ấu cũng nhường chỗ cho tình yêu, lọc lừa.', 21, 1, 'Sách cũ', 0, 0),
(80, 'Thú Hoang', 'thu_hoang.jpg', '1.thu_hoang.jpg', 59, '2016-01-05', 'Hội nhà văn', 'Phương Nam', 'Bìa Mềm', '13x20.5 cm', 450, 286, 10, 129000, '\r\nThú Hoang mở đầu với không gian trong lành của một vùng quê có niềm vui, những trò nghịch ngợm của các cô cậu học trò lớp đệ Tứ A. Xuất thân từ gia cảnh bình thường, lớn lên trong một xã hội bị chiến tranh giằng xé, những Liễu, Đức, Kim, Oanh, Tín… không thể đứng ngoài thực tại. Trò đùa vui thời thơ ấu nhường chỗ cho toan tính đời thường, tình bạn thời thơ ấu cũng nhường chỗ cho tình yêu, lọc lừa.', 22, 1, 'Sách cũ', 0, 0),
(81, 'Thú Hoang', 'thu_hoang.jpg', '1.thu_hoang.jpg', 59, '2016-01-05', 'Hội nhà văn', 'Phương Nam', 'Bìa Mềm', '13x20.5 cm', 450, 286, 10, 129000, '\r\nThú Hoang mở đầu với không gian trong lành của một vùng quê có niềm vui, những trò nghịch ngợm của các cô cậu học trò lớp đệ Tứ A. Xuất thân từ gia cảnh bình thường, lớn lên trong một xã hội bị chiến tranh giằng xé, những Liễu, Đức, Kim, Oanh, Tín… không thể đứng ngoài thực tại. Trò đùa vui thời thơ ấu nhường chỗ cho toan tính đời thường, tình bạn thời thơ ấu cũng nhường chỗ cho tình yêu, lọc lừa.', 23, 1, 'Sách cũ', 0, 0),
(82, 'Thú Hoang', 'thu_hoang.jpg', '1.thu_hoang.jpg', 59, '2016-01-05', 'Hội nhà văn', 'Phương Nam', 'Bìa Mềm', '13x20.5 cm', 450, 286, 10, 129000, '\r\nThú Hoang mở đầu với không gian trong lành của một vùng quê có niềm vui, những trò nghịch ngợm của các cô cậu học trò lớp đệ Tứ A. Xuất thân từ gia cảnh bình thường, lớn lên trong một xã hội bị chiến tranh giằng xé, những Liễu, Đức, Kim, Oanh, Tín… không thể đứng ngoài thực tại. Trò đùa vui thời thơ ấu nhường chỗ cho toan tính đời thường, tình bạn thời thơ ấu cũng nhường chỗ cho tình yêu, lọc lừa.', 24, 1, 'Sách cũ', 0, 0),
(83, 'Thú Hoang', 'thu_hoang.jpg', '1.thu_hoang.jpg', 59, '2016-01-05', 'Hội nhà văn', 'Phương Nam', 'Bìa Mềm', '13x20.5 cm', 450, 286, 10, 129000, '\r\nThú Hoang mở đầu với không gian trong lành của một vùng quê có niềm vui, những trò nghịch ngợm của các cô cậu học trò lớp đệ Tứ A. Xuất thân từ gia cảnh bình thường, lớn lên trong một xã hội bị chiến tranh giằng xé, những Liễu, Đức, Kim, Oanh, Tín… không thể đứng ngoài thực tại. Trò đùa vui thời thơ ấu nhường chỗ cho toan tính đời thường, tình bạn thời thơ ấu cũng nhường chỗ cho tình yêu, lọc lừa.', 25, 1, 'Sách cũ', 0, 0),
(84, 'Thú Hoang', 'thu_hoang.jpg', '1.thu_hoang.jpg', 59, '2016-01-05', 'Hội nhà văn', 'Phương Nam', 'Bìa Mềm', '13x20.5 cm', 450, 286, 10, 129000, '\r\nThú Hoang mở đầu với không gian trong lành của một vùng quê có niềm vui, những trò nghịch ngợm của các cô cậu học trò lớp đệ Tứ A. Xuất thân từ gia cảnh bình thường, lớn lên trong một xã hội bị chiến tranh giằng xé, những Liễu, Đức, Kim, Oanh, Tín… không thể đứng ngoài thực tại. Trò đùa vui thời thơ ấu nhường chỗ cho toan tính đời thường, tình bạn thời thơ ấu cũng nhường chỗ cho tình yêu, lọc lừa.', 26, 1, 'Sách cũ', 0, 0),
(85, 'Thú Hoang', 'thu_hoang.jpg', '1.thu_hoang.jpg', 59, '2016-01-05', 'Hội nhà văn', 'Phương Nam', 'Bìa Mềm', '13x20.5 cm', 450, 286, 10, 129000, '\r\nThú Hoang mở đầu với không gian trong lành của một vùng quê có niềm vui, những trò nghịch ngợm của các cô cậu học trò lớp đệ Tứ A. Xuất thân từ gia cảnh bình thường, lớn lên trong một xã hội bị chiến tranh giằng xé, những Liễu, Đức, Kim, Oanh, Tín… không thể đứng ngoài thực tại. Trò đùa vui thời thơ ấu nhường chỗ cho toan tính đời thường, tình bạn thời thơ ấu cũng nhường chỗ cho tình yêu, lọc lừa.', 27, 1, 'Sách cũ', 0, 0),
(86, 'Thú Hoang', 'thu_hoang.jpg', '1.thu_hoang.jpg', 59, '2016-01-05', 'Hội nhà văn', 'Phương Nam', 'Bìa Mềm', '13x20.5 cm', 450, 286, 10, 129000, '\r\nThú Hoang mở đầu với không gian trong lành của một vùng quê có niềm vui, những trò nghịch ngợm của các cô cậu học trò lớp đệ Tứ A. Xuất thân từ gia cảnh bình thường, lớn lên trong một xã hội bị chiến tranh giằng xé, những Liễu, Đức, Kim, Oanh, Tín… không thể đứng ngoài thực tại. Trò đùa vui thời thơ ấu nhường chỗ cho toan tính đời thường, tình bạn thời thơ ấu cũng nhường chỗ cho tình yêu, lọc lừa.', 28, 1, 'Sách cũ', 0, 0),
(87, 'Thú Hoang', 'thu_hoang.jpg', '1.thu_hoang.jpg', 59, '2016-01-05', 'Hội nhà văn', 'Phương Nam', 'Bìa Mềm', '13x20.5 cm', 450, 286, 10, 129000, '\r\nThú Hoang mở đầu với không gian trong lành của một vùng quê có niềm vui, những trò nghịch ngợm của các cô cậu học trò lớp đệ Tứ A. Xuất thân từ gia cảnh bình thường, lớn lên trong một xã hội bị chiến tranh giằng xé, những Liễu, Đức, Kim, Oanh, Tín… không thể đứng ngoài thực tại. Trò đùa vui thời thơ ấu nhường chỗ cho toan tính đời thường, tình bạn thời thơ ấu cũng nhường chỗ cho tình yêu, lọc lừa.', 29, 1, 'Sách cũ', 0, 0),
(88, 'Thú Hoang', 'thu_hoang.jpg', '1.thu_hoang.jpg', 59, '2016-01-05', 'Hội nhà văn', 'Phương Nam', 'Bìa Mềm', '13x20.5 cm', 450, 286, 10, 129000, '\r\nThú Hoang mở đầu với không gian trong lành của một vùng quê có niềm vui, những trò nghịch ngợm của các cô cậu học trò lớp đệ Tứ A. Xuất thân từ gia cảnh bình thường, lớn lên trong một xã hội bị chiến tranh giằng xé, những Liễu, Đức, Kim, Oanh, Tín… không thể đứng ngoài thực tại. Trò đùa vui thời thơ ấu nhường chỗ cho toan tính đời thường, tình bạn thời thơ ấu cũng nhường chỗ cho tình yêu, lọc lừa.', 30, 1, 'Sách cũ', 0, 0),
(89, 'Thú Hoang', 'thu_hoang.jpg', '1.thu_hoang.jpg', 59, '2016-01-05', 'Hội nhà văn', 'Phương Nam', 'Bìa Mềm', '13x20.5 cm', 450, 286, 10, 129000, '\r\nThú Hoang mở đầu với không gian trong lành của một vùng quê có niềm vui, những trò nghịch ngợm của các cô cậu học trò lớp đệ Tứ A. Xuất thân từ gia cảnh bình thường, lớn lên trong một xã hội bị chiến tranh giằng xé, những Liễu, Đức, Kim, Oanh, Tín… không thể đứng ngoài thực tại. Trò đùa vui thời thơ ấu nhường chỗ cho toan tính đời thường, tình bạn thời thơ ấu cũng nhường chỗ cho tình yêu, lọc lừa.', 31, 1, 'Sách cũ', 0, 0),
(90, 'Thú Hoang', 'thu_hoang.jpg', '1.thu_hoang.jpg', 59, '2016-01-05', 'Hội nhà văn', 'Phương Nam', 'Bìa Mềm', '13x20.5 cm', 450, 286, 10, 129000, '\r\nThú Hoang mở đầu với không gian trong lành của một vùng quê có niềm vui, những trò nghịch ngợm của các cô cậu học trò lớp đệ Tứ A. Xuất thân từ gia cảnh bình thường, lớn lên trong một xã hội bị chiến tranh giằng xé, những Liễu, Đức, Kim, Oanh, Tín… không thể đứng ngoài thực tại. Trò đùa vui thời thơ ấu nhường chỗ cho toan tính đời thường, tình bạn thời thơ ấu cũng nhường chỗ cho tình yêu, lọc lừa.', 32, 1, 'Sách cũ', 0, 0),
(91, 'Thú Hoang', 'thu_hoang.jpg', '1.thu_hoang.jpg', 59, '2016-01-05', 'Hội nhà văn', 'Phương Nam', 'Bìa Mềm', '13x20.5 cm', 450, 286, 10, 129000, '\r\nThú Hoang mở đầu với không gian trong lành của một vùng quê có niềm vui, những trò nghịch ngợm của các cô cậu học trò lớp đệ Tứ A. Xuất thân từ gia cảnh bình thường, lớn lên trong một xã hội bị chiến tranh giằng xé, những Liễu, Đức, Kim, Oanh, Tín… không thể đứng ngoài thực tại. Trò đùa vui thời thơ ấu nhường chỗ cho toan tính đời thường, tình bạn thời thơ ấu cũng nhường chỗ cho tình yêu, lọc lừa.', 33, 1, 'Sách cũ', 0, 0),
(92, 'Thú Hoang', 'thu_hoang.jpg', '1.thu_hoang.jpg', 59, '2016-01-05', 'Hội nhà văn', 'Phương Nam', 'Bìa Mềm', '13x20.5 cm', 450, 286, 10, 129000, '\r\nThú Hoang mở đầu với không gian trong lành của một vùng quê có niềm vui, những trò nghịch ngợm của các cô cậu học trò lớp đệ Tứ A. Xuất thân từ gia cảnh bình thường, lớn lên trong một xã hội bị chiến tranh giằng xé, những Liễu, Đức, Kim, Oanh, Tín… không thể đứng ngoài thực tại. Trò đùa vui thời thơ ấu nhường chỗ cho toan tính đời thường, tình bạn thời thơ ấu cũng nhường chỗ cho tình yêu, lọc lừa.', 34, 1, 'Sách cũ', 0, 0),
(93, 'Thú Hoang', 'thu_hoang.jpg', '1.thu_hoang.jpg', 59, '2016-01-05', 'Hội nhà văn', 'Phương Nam', 'Bìa Mềm', '13x20.5 cm', 450, 286, 10, 129000, '\r\nThú Hoang mở đầu với không gian trong lành của một vùng quê có niềm vui, những trò nghịch ngợm của các cô cậu học trò lớp đệ Tứ A. Xuất thân từ gia cảnh bình thường, lớn lên trong một xã hội bị chiến tranh giằng xé, những Liễu, Đức, Kim, Oanh, Tín… không thể đứng ngoài thực tại. Trò đùa vui thời thơ ấu nhường chỗ cho toan tính đời thường, tình bạn thời thơ ấu cũng nhường chỗ cho tình yêu, lọc lừa.', 35, 1, 'Sách cũ', 0, 0),
(94, 'Thú Hoang', 'thu_hoang.jpg', '1.thu_hoang.jpg', 59, '2016-01-05', 'Hội nhà văn', 'Phương Nam', 'Bìa Mềm', '13x20.5 cm', 450, 286, 10, 129000, '\r\nThú Hoang mở đầu với không gian trong lành của một vùng quê có niềm vui, những trò nghịch ngợm của các cô cậu học trò lớp đệ Tứ A. Xuất thân từ gia cảnh bình thường, lớn lên trong một xã hội bị chiến tranh giằng xé, những Liễu, Đức, Kim, Oanh, Tín… không thể đứng ngoài thực tại. Trò đùa vui thời thơ ấu nhường chỗ cho toan tính đời thường, tình bạn thời thơ ấu cũng nhường chỗ cho tình yêu, lọc lừa.', 36, 1, 'Sách cũ', 0, 0),
(95, 'Thú Hoang', 'thu_hoang.jpg', '1.thu_hoang.jpg', 59, '2016-01-05', 'Hội nhà văn', 'Phương Nam', 'Bìa Mềm', '13x20.5 cm', 450, 286, 10, 129000, '\r\nThú Hoang mở đầu với không gian trong lành của một vùng quê có niềm vui, những trò nghịch ngợm của các cô cậu học trò lớp đệ Tứ A. Xuất thân từ gia cảnh bình thường, lớn lên trong một xã hội bị chiến tranh giằng xé, những Liễu, Đức, Kim, Oanh, Tín… không thể đứng ngoài thực tại. Trò đùa vui thời thơ ấu nhường chỗ cho toan tính đời thường, tình bạn thời thơ ấu cũng nhường chỗ cho tình yêu, lọc lừa.', 37, 1, 'Sách cũ', 0, 0),
(96, 'Thú Hoang', 'thu_hoang.jpg', '1.thu_hoang.jpg', 59, '2016-01-05', 'Hội nhà văn', 'Phương Nam', 'Bìa Mềm', '13x20.5 cm', 450, 286, 10, 129000, '\r\nThú Hoang mở đầu với không gian trong lành của một vùng quê có niềm vui, những trò nghịch ngợm của các cô cậu học trò lớp đệ Tứ A. Xuất thân từ gia cảnh bình thường, lớn lên trong một xã hội bị chiến tranh giằng xé, những Liễu, Đức, Kim, Oanh, Tín… không thể đứng ngoài thực tại. Trò đùa vui thời thơ ấu nhường chỗ cho toan tính đời thường, tình bạn thời thơ ấu cũng nhường chỗ cho tình yêu, lọc lừa.', 38, 1, 'Sách cũ', 0, 0),
(97, 'Thú Hoang', 'thu_hoang.jpg', '1.thu_hoang.jpg', 59, '2016-01-05', 'Hội nhà văn', 'Phương Nam', 'Bìa Mềm', '13x20.5 cm', 450, 286, 10, 129000, '\r\nThú Hoang mở đầu với không gian trong lành của một vùng quê có niềm vui, những trò nghịch ngợm của các cô cậu học trò lớp đệ Tứ A. Xuất thân từ gia cảnh bình thường, lớn lên trong một xã hội bị chiến tranh giằng xé, những Liễu, Đức, Kim, Oanh, Tín… không thể đứng ngoài thực tại. Trò đùa vui thời thơ ấu nhường chỗ cho toan tính đời thường, tình bạn thời thơ ấu cũng nhường chỗ cho tình yêu, lọc lừa.', 39, 1, 'Sách cũ', 0, 0),
(98, 'Thú Hoang', 'thu_hoang.jpg', '1.thu_hoang.jpg', 59, '2016-01-05', 'Hội nhà văn', 'Phương Nam', 'Bìa Mềm', '13x20.5 cm', 450, 286, 10, 129000, '\r\nThú Hoang mở đầu với không gian trong lành của một vùng quê có niềm vui, những trò nghịch ngợm của các cô cậu học trò lớp đệ Tứ A. Xuất thân từ gia cảnh bình thường, lớn lên trong một xã hội bị chiến tranh giằng xé, những Liễu, Đức, Kim, Oanh, Tín… không thể đứng ngoài thực tại. Trò đùa vui thời thơ ấu nhường chỗ cho toan tính đời thường, tình bạn thời thơ ấu cũng nhường chỗ cho tình yêu, lọc lừa.', 40, 1, 'Sách cũ', 0, 0),
(99, 'Thú Hoang', 'thu_hoang.jpg', '1.thu_hoang.jpg', 59, '2016-01-05', 'Hội nhà văn', 'Phương Nam', 'Bìa Mềm', '13x20.5 cm', 450, 286, 10, 129000, '\r\nThú Hoang mở đầu với không gian trong lành của một vùng quê có niềm vui, những trò nghịch ngợm của các cô cậu học trò lớp đệ Tứ A. Xuất thân từ gia cảnh bình thường, lớn lên trong một xã hội bị chiến tranh giằng xé, những Liễu, Đức, Kim, Oanh, Tín… không thể đứng ngoài thực tại. Trò đùa vui thời thơ ấu nhường chỗ cho toan tính đời thường, tình bạn thời thơ ấu cũng nhường chỗ cho tình yêu, lọc lừa.', 41, 1, 'Sách cũ', 0, 0),
(100, 'Thú Hoang', 'thu_hoang.jpg', '1.thu_hoang.jpg', 59, '2016-01-05', 'Hội nhà văn', 'Phương Nam', 'Bìa Mềm', '13x20.5 cm', 450, 286, 10, 129000, '\r\nThú Hoang mở đầu với không gian trong lành của một vùng quê có niềm vui, những trò nghịch ngợm của các cô cậu học trò lớp đệ Tứ A. Xuất thân từ gia cảnh bình thường, lớn lên trong một xã hội bị chiến tranh giằng xé, những Liễu, Đức, Kim, Oanh, Tín… không thể đứng ngoài thực tại. Trò đùa vui thời thơ ấu nhường chỗ cho toan tính đời thường, tình bạn thời thơ ấu cũng nhường chỗ cho tình yêu, lọc lừa.', 42, 1, 'Sách cũ', 0, 0),
(101, 'Thú Hoang', 'thu_hoang.jpg', '1.thu_hoang.jpg', 59, '2016-01-05', 'Hội nhà văn', 'Phương Nam', 'Bìa Mềm', '13x20.5 cm', 450, 286, 10, 129000, '\r\nThú Hoang mở đầu với không gian trong lành của một vùng quê có niềm vui, những trò nghịch ngợm của các cô cậu học trò lớp đệ Tứ A. Xuất thân từ gia cảnh bình thường, lớn lên trong một xã hội bị chiến tranh giằng xé, những Liễu, Đức, Kim, Oanh, Tín… không thể đứng ngoài thực tại. Trò đùa vui thời thơ ấu nhường chỗ cho toan tính đời thường, tình bạn thời thơ ấu cũng nhường chỗ cho tình yêu, lọc lừa.', 43, 1, 'Sách cũ', 0, 0),
(102, 'Thú Hoang', 'thu_hoang.jpg', '1.thu_hoang.jpg', 59, '2016-01-05', 'Hội nhà văn', 'Phương Nam', 'Bìa Mềm', '13x20.5 cm', 450, 286, 10, 129000, '\r\nThú Hoang mở đầu với không gian trong lành của một vùng quê có niềm vui, những trò nghịch ngợm của các cô cậu học trò lớp đệ Tứ A. Xuất thân từ gia cảnh bình thường, lớn lên trong một xã hội bị chiến tranh giằng xé, những Liễu, Đức, Kim, Oanh, Tín… không thể đứng ngoài thực tại. Trò đùa vui thời thơ ấu nhường chỗ cho toan tính đời thường, tình bạn thời thơ ấu cũng nhường chỗ cho tình yêu, lọc lừa.', 44, 1, 'Sách cũ', 0, 0),
(103, 'Thú Hoang', 'thu_hoang.jpg', '1.thu_hoang.jpg', 59, '2016-01-05', 'Hội nhà văn', 'Phương Nam', 'Bìa Mềm', '13x20.5 cm', 450, 286, 10, 129000, '\r\nThú Hoang mở đầu với không gian trong lành của một vùng quê có niềm vui, những trò nghịch ngợm của các cô cậu học trò lớp đệ Tứ A. Xuất thân từ gia cảnh bình thường, lớn lên trong một xã hội bị chiến tranh giằng xé, những Liễu, Đức, Kim, Oanh, Tín… không thể đứng ngoài thực tại. Trò đùa vui thời thơ ấu nhường chỗ cho toan tính đời thường, tình bạn thời thơ ấu cũng nhường chỗ cho tình yêu, lọc lừa.', 45, 1, 'Sách cũ', 0, 0),
(104, 'Thú Hoang', 'thu_hoang.jpg', '1.thu_hoang.jpg', 59, '2016-01-05', 'Hội nhà văn', 'Phương Nam', 'Bìa Mềm', '13x20.5 cm', 450, 286, 10, 129000, '\r\nThú Hoang mở đầu với không gian trong lành của một vùng quê có niềm vui, những trò nghịch ngợm của các cô cậu học trò lớp đệ Tứ A. Xuất thân từ gia cảnh bình thường, lớn lên trong một xã hội bị chiến tranh giằng xé, những Liễu, Đức, Kim, Oanh, Tín… không thể đứng ngoài thực tại. Trò đùa vui thời thơ ấu nhường chỗ cho toan tính đời thường, tình bạn thời thơ ấu cũng nhường chỗ cho tình yêu, lọc lừa.', 46, 1, 'Sách cũ', 0, 0),
(105, 'Thú Hoang', 'thu_hoang.jpg', '1.thu_hoang.jpg', 59, '2016-01-05', 'Hội nhà văn', 'Phương Nam', 'Bìa Mềm', '13x20.5 cm', 450, 286, 10, 129000, '\r\nThú Hoang mở đầu với không gian trong lành của một vùng quê có niềm vui, những trò nghịch ngợm của các cô cậu học trò lớp đệ Tứ A. Xuất thân từ gia cảnh bình thường, lớn lên trong một xã hội bị chiến tranh giằng xé, những Liễu, Đức, Kim, Oanh, Tín… không thể đứng ngoài thực tại. Trò đùa vui thời thơ ấu nhường chỗ cho toan tính đời thường, tình bạn thời thơ ấu cũng nhường chỗ cho tình yêu, lọc lừa.', 47, 1, 'Sách cũ', 0, 0),
(106, 'Thú Hoang', 'thu_hoang.jpg', '1.thu_hoang.jpg', 59, '2016-01-05', 'Hội nhà văn', 'Phương Nam', 'Bìa Mềm', '13x20.5 cm', 450, 286, 10, 129000, '\r\nThú Hoang mở đầu với không gian trong lành của một vùng quê có niềm vui, những trò nghịch ngợm của các cô cậu học trò lớp đệ Tứ A. Xuất thân từ gia cảnh bình thường, lớn lên trong một xã hội bị chiến tranh giằng xé, những Liễu, Đức, Kim, Oanh, Tín… không thể đứng ngoài thực tại. Trò đùa vui thời thơ ấu nhường chỗ cho toan tính đời thường, tình bạn thời thơ ấu cũng nhường chỗ cho tình yêu, lọc lừa.', 48, 1, 'Sách cũ', 0, 0),
(107, 'Thú Hoang', 'thu_hoang.jpg', '1.thu_hoang.jpg', 59, '2016-01-05', 'Hội nhà văn', 'Phương Nam', 'Bìa Mềm', '13x20.5 cm', 450, 286, 10, 129000, '\r\nThú Hoang mở đầu với không gian trong lành của một vùng quê có niềm vui, những trò nghịch ngợm của các cô cậu học trò lớp đệ Tứ A. Xuất thân từ gia cảnh bình thường, lớn lên trong một xã hội bị chiến tranh giằng xé, những Liễu, Đức, Kim, Oanh, Tín… không thể đứng ngoài thực tại. Trò đùa vui thời thơ ấu nhường chỗ cho toan tính đời thường, tình bạn thời thơ ấu cũng nhường chỗ cho tình yêu, lọc lừa.', 49, 1, 'Sách cũ', 0, 0),
(108, 'Thú Hoang', 'thu_hoang.jpg', '1.thu_hoang.jpg', 59, '2016-01-05', 'Hội nhà văn', 'Phương Nam', 'Bìa Mềm', '13x20.5 cm', 450, 286, 10, 129000, '\r\nThú Hoang mở đầu với không gian trong lành của một vùng quê có niềm vui, những trò nghịch ngợm của các cô cậu học trò lớp đệ Tứ A. Xuất thân từ gia cảnh bình thường, lớn lên trong một xã hội bị chiến tranh giằng xé, những Liễu, Đức, Kim, Oanh, Tín… không thể đứng ngoài thực tại. Trò đùa vui thời thơ ấu nhường chỗ cho toan tính đời thường, tình bạn thời thơ ấu cũng nhường chỗ cho tình yêu, lọc lừa.', 50, 1, 'Sách cũ', 0, 0),
(109, 'Thú Hoang', 'thu_hoang.jpg', '1.thu_hoang.jpg', 59, '2016-01-05', 'Hội nhà văn', 'Phương Nam', 'Bìa Mềm', '13x20.5 cm', 450, 286, 10, 129000, '\r\nThú Hoang mở đầu với không gian trong lành của một vùng quê có niềm vui, những trò nghịch ngợm của các cô cậu học trò lớp đệ Tứ A. Xuất thân từ gia cảnh bình thường, lớn lên trong một xã hội bị chiến tranh giằng xé, những Liễu, Đức, Kim, Oanh, Tín… không thể đứng ngoài thực tại. Trò đùa vui thời thơ ấu nhường chỗ cho toan tính đời thường, tình bạn thời thơ ấu cũng nhường chỗ cho tình yêu, lọc lừa.', 51, 1, 'Sách cũ', 0, 0),
(110, 'Thú Hoang', 'thu_hoang.jpg', '1.thu_hoang.jpg', 59, '2016-01-05', 'Hội nhà văn', 'Phương Nam', 'Bìa Mềm', '13x20.5 cm', 450, 286, 10, 129000, '\r\nThú Hoang mở đầu với không gian trong lành của một vùng quê có niềm vui, những trò nghịch ngợm của các cô cậu học trò lớp đệ Tứ A. Xuất thân từ gia cảnh bình thường, lớn lên trong một xã hội bị chiến tranh giằng xé, những Liễu, Đức, Kim, Oanh, Tín… không thể đứng ngoài thực tại. Trò đùa vui thời thơ ấu nhường chỗ cho toan tính đời thường, tình bạn thời thơ ấu cũng nhường chỗ cho tình yêu, lọc lừa.', 52, 1, 'Sách cũ', 0, 0),
(111, 'Thú Hoang', 'thu_hoang.jpg', '1.thu_hoang.jpg', 59, '2016-01-05', 'Hội nhà văn', 'Phương Nam', 'Bìa Mềm', '13x20.5 cm', 450, 286, 10, 129000, '\r\nThú Hoang mở đầu với không gian trong lành của một vùng quê có niềm vui, những trò nghịch ngợm của các cô cậu học trò lớp đệ Tứ A. Xuất thân từ gia cảnh bình thường, lớn lên trong một xã hội bị chiến tranh giằng xé, những Liễu, Đức, Kim, Oanh, Tín… không thể đứng ngoài thực tại. Trò đùa vui thời thơ ấu nhường chỗ cho toan tính đời thường, tình bạn thời thơ ấu cũng nhường chỗ cho tình yêu, lọc lừa.', 53, 1, 'Sách cũ', 0, 0),
(112, 'Thú Hoang', 'thu_hoang.jpg', '1.thu_hoang.jpg', 59, '2016-01-05', 'Hội nhà văn', 'Phương Nam', 'Bìa Mềm', '13x20.5 cm', 450, 286, 10, 129000, '\r\nThú Hoang mở đầu với không gian trong lành của một vùng quê có niềm vui, những trò nghịch ngợm của các cô cậu học trò lớp đệ Tứ A. Xuất thân từ gia cảnh bình thường, lớn lên trong một xã hội bị chiến tranh giằng xé, những Liễu, Đức, Kim, Oanh, Tín… không thể đứng ngoài thực tại. Trò đùa vui thời thơ ấu nhường chỗ cho toan tính đời thường, tình bạn thời thơ ấu cũng nhường chỗ cho tình yêu, lọc lừa.', 54, 1, 'Sách cũ', 0, 0),
(113, 'Thú Hoang', 'thu_hoang.jpg', '1.thu_hoang.jpg', 59, '2016-01-05', 'Hội nhà văn', 'Phương Nam', 'Bìa Mềm', '13x20.5 cm', 450, 286, 10, 129000, '\r\nThú Hoang mở đầu với không gian trong lành của một vùng quê có niềm vui, những trò nghịch ngợm của các cô cậu học trò lớp đệ Tứ A. Xuất thân từ gia cảnh bình thường, lớn lên trong một xã hội bị chiến tranh giằng xé, những Liễu, Đức, Kim, Oanh, Tín… không thể đứng ngoài thực tại. Trò đùa vui thời thơ ấu nhường chỗ cho toan tính đời thường, tình bạn thời thơ ấu cũng nhường chỗ cho tình yêu, lọc lừa.', 55, 1, 'Sách cũ', 0, 0),
(114, 'Thú Hoang', 'thu_hoang.jpg', '1.thu_hoang.jpg', 59, '2016-01-05', 'Hội nhà văn', 'Phương Nam', 'Bìa Mềm', '13x20.5 cm', 450, 286, 10, 129000, '\r\nThú Hoang mở đầu với không gian trong lành của một vùng quê có niềm vui, những trò nghịch ngợm của các cô cậu học trò lớp đệ Tứ A. Xuất thân từ gia cảnh bình thường, lớn lên trong một xã hội bị chiến tranh giằng xé, những Liễu, Đức, Kim, Oanh, Tín… không thể đứng ngoài thực tại. Trò đùa vui thời thơ ấu nhường chỗ cho toan tính đời thường, tình bạn thời thơ ấu cũng nhường chỗ cho tình yêu, lọc lừa.', 56, 1, 'Sách cũ', 0, 0),
(115, 'Thú Hoang', 'thu_hoang.jpg', '1.thu_hoang.jpg', 59, '2016-01-05', 'Hội nhà văn', 'Phương Nam', 'Bìa Mềm', '13x20.5 cm', 450, 286, 10, 129000, '\r\nThú Hoang mở đầu với không gian trong lành của một vùng quê có niềm vui, những trò nghịch ngợm của các cô cậu học trò lớp đệ Tứ A. Xuất thân từ gia cảnh bình thường, lớn lên trong một xã hội bị chiến tranh giằng xé, những Liễu, Đức, Kim, Oanh, Tín… không thể đứng ngoài thực tại. Trò đùa vui thời thơ ấu nhường chỗ cho toan tính đời thường, tình bạn thời thơ ấu cũng nhường chỗ cho tình yêu, lọc lừa.', 57, 1, 'Sách cũ', 0, 0),
(116, 'Thú Hoang', 'thu_hoang.jpg', '1.thu_hoang.jpg', 59, '2016-01-05', 'Hội nhà văn', 'Phương Nam', 'Bìa Mềm', '13x20.5 cm', 450, 286, 10, 129000, '\r\nThú Hoang mở đầu với không gian trong lành của một vùng quê có niềm vui, những trò nghịch ngợm của các cô cậu học trò lớp đệ Tứ A. Xuất thân từ gia cảnh bình thường, lớn lên trong một xã hội bị chiến tranh giằng xé, những Liễu, Đức, Kim, Oanh, Tín… không thể đứng ngoài thực tại. Trò đùa vui thời thơ ấu nhường chỗ cho toan tính đời thường, tình bạn thời thơ ấu cũng nhường chỗ cho tình yêu, lọc lừa.', 58, 1, 'Sách cũ', 0, 0),
(117, 'Thú Hoang', 'thu_hoang.jpg', '1.thu_hoang.jpg', 59, '2016-01-05', 'Hội nhà văn', 'Phương Nam', 'Bìa Mềm', '13x20.5 cm', 450, 286, 10, 129000, '\r\nThú Hoang mở đầu với không gian trong lành của một vùng quê có niềm vui, những trò nghịch ngợm của các cô cậu học trò lớp đệ Tứ A. Xuất thân từ gia cảnh bình thường, lớn lên trong một xã hội bị chiến tranh giằng xé, những Liễu, Đức, Kim, Oanh, Tín… không thể đứng ngoài thực tại. Trò đùa vui thời thơ ấu nhường chỗ cho toan tính đời thường, tình bạn thời thơ ấu cũng nhường chỗ cho tình yêu, lọc lừa.', 59, 1, 'Sách cũ', 0, 0),
(118, 'Thú Hoang', 'thu_hoang.jpg', '1.thu_hoang.jpg', 59, '2016-01-05', 'Hội nhà văn', 'Phương Nam', 'Bìa Mềm', '13x20.5 cm', 450, 286, 10, 129000, '\r\nThú Hoang mở đầu với không gian trong lành của một vùng quê có niềm vui, những trò nghịch ngợm của các cô cậu học trò lớp đệ Tứ A. Xuất thân từ gia cảnh bình thường, lớn lên trong một xã hội bị chiến tranh giằng xé, những Liễu, Đức, Kim, Oanh, Tín… không thể đứng ngoài thực tại. Trò đùa vui thời thơ ấu nhường chỗ cho toan tính đời thường, tình bạn thời thơ ấu cũng nhường chỗ cho tình yêu, lọc lừa.', 60, 1, 'Sách cũ', 0, 0),
(119, 'Thú Hoang', 'thu_hoang.jpg', '1.thu_hoang.jpg', 59, '2016-01-05', 'Hội nhà văn', 'Phương Nam', 'Bìa Mềm', '13x20.5 cm', 450, 286, 10, 129000, '\r\nThú Hoang mở đầu với không gian trong lành của một vùng quê có niềm vui, những trò nghịch ngợm của các cô cậu học trò lớp đệ Tứ A. Xuất thân từ gia cảnh bình thường, lớn lên trong một xã hội bị chiến tranh giằng xé, những Liễu, Đức, Kim, Oanh, Tín… không thể đứng ngoài thực tại. Trò đùa vui thời thơ ấu nhường chỗ cho toan tính đời thường, tình bạn thời thơ ấu cũng nhường chỗ cho tình yêu, lọc lừa.', 61, 1, 'Sách cũ', 0, 0),
(120, 'Thú Hoang', 'thu_hoang.jpg', '1.thu_hoang.jpg', 59, '2016-01-05', 'Hội nhà văn', 'Phương Nam', 'Bìa Mềm', '13x20.5 cm', 450, 286, 10, 129000, '\r\nThú Hoang mở đầu với không gian trong lành của một vùng quê có niềm vui, những trò nghịch ngợm của các cô cậu học trò lớp đệ Tứ A. Xuất thân từ gia cảnh bình thường, lớn lên trong một xã hội bị chiến tranh giằng xé, những Liễu, Đức, Kim, Oanh, Tín… không thể đứng ngoài thực tại. Trò đùa vui thời thơ ấu nhường chỗ cho toan tính đời thường, tình bạn thời thơ ấu cũng nhường chỗ cho tình yêu, lọc lừa.', 62, 1, 'Sách cũ', 0, 0),
(121, 'Thú Hoang', 'thu_hoang.jpg', '1.thu_hoang.jpg', 59, '2016-01-05', 'Hội nhà văn', 'Phương Nam', 'Bìa Mềm', '13x20.5 cm', 450, 286, 10, 129000, '\r\nThú Hoang mở đầu với không gian trong lành của một vùng quê có niềm vui, những trò nghịch ngợm của các cô cậu học trò lớp đệ Tứ A. Xuất thân từ gia cảnh bình thường, lớn lên trong một xã hội bị chiến tranh giằng xé, những Liễu, Đức, Kim, Oanh, Tín… không thể đứng ngoài thực tại. Trò đùa vui thời thơ ấu nhường chỗ cho toan tính đời thường, tình bạn thời thơ ấu cũng nhường chỗ cho tình yêu, lọc lừa.', 63, 1, 'Sách cũ', 0, 0),
(122, 'Thú Hoang', 'thu_hoang.jpg', '1.thu_hoang.jpg', 59, '2016-01-05', 'Hội nhà văn', 'Phương Nam', 'Bìa Mềm', '13x20.5 cm', 450, 286, 10, 129000, '\r\nThú Hoang mở đầu với không gian trong lành của một vùng quê có niềm vui, những trò nghịch ngợm của các cô cậu học trò lớp đệ Tứ A. Xuất thân từ gia cảnh bình thường, lớn lên trong một xã hội bị chiến tranh giằng xé, những Liễu, Đức, Kim, Oanh, Tín… không thể đứng ngoài thực tại. Trò đùa vui thời thơ ấu nhường chỗ cho toan tính đời thường, tình bạn thời thơ ấu cũng nhường chỗ cho tình yêu, lọc lừa.', 64, 1, 'Sách cũ', 0, 0),
(123, 'Chân Đi Không Hết Một Cuộc Tình\r\n\r\n', 'chan_di_khong_het_mot_cuoc_tinh.jpg', '1.chan_di_khong_het_mot_cuoc_tinh.jpg', 60, '2016-08-09', 'Lao Động', 'Skybooks', 'Bìa mềm', '13x20 cm', 250, 206, 16, 76000, 'Kai Hoàng và Liêu Hoài An là 2 tác giả trẻ, với những cái nhìn đầy mới mẻ, họ đã cùng nhau viết nên tập truyên ngắn Chân Đi Không Hết Một Cuộc Tình. Cuốn sách là tập hợp những truyện ngắn về cuộc sống, tình bạn, tình yêu, những câu chuyện của hiện tại, tương lai và cả những ký ức tuổi thơ trong veo, hồn nhiên thoáng vui nhưng cũng thoáng buồn. Những lát cắt của cuộc sống, những cung bậc của tình yêu được thể hiện một cách phong phú qua các câu chuyện, với những nhân vật có hoàn cảnh và tính cách khác nhau. \r\n ', 1, 1, 'Sách Cũ', 0, 0),
(124, 'Chân Đi Không Hết Một Cuộc Tình\r\n\r\n', 'chan_di_khong_het_mot_cuoc_tinh.jpg', '1.chan_di_khong_het_mot_cuoc_tinh.jpg', 60, '2016-08-09', 'Lao Động', 'Skybooks', 'Bìa mềm', '13x20 cm', 250, 206, 16, 76000, 'Kai Hoàng và Liêu Hoài An là 2 tác giả trẻ, với những cái nhìn đầy mới mẻ, họ đã cùng nhau viết nên tập truyên ngắn Chân Đi Không Hết Một Cuộc Tình. Cuốn sách là tập hợp những truyện ngắn về cuộc sống, tình bạn, tình yêu, những câu chuyện của hiện tại, tương lai và cả những ký ức tuổi thơ trong veo, hồn nhiên thoáng vui nhưng cũng thoáng buồn. Những lát cắt của cuộc sống, những cung bậc của tình yêu được thể hiện một cách phong phú qua các câu chuyện, với những nhân vật có hoàn cảnh và tính cách khác nhau. \r\n ', 2, 1, 'Sách Cũ', 0, 0),
(125, 'Chân Đi Không Hết Một Cuộc Tình\r\n\r\n', 'chan_di_khong_het_mot_cuoc_tinh.jpg', '1.chan_di_khong_het_mot_cuoc_tinh.jpg', 60, '2016-08-09', 'Lao Động', 'Skybooks', 'Bìa mềm', '13x20 cm', 250, 206, 16, 76000, 'Kai Hoàng và Liêu Hoài An là 2 tác giả trẻ, với những cái nhìn đầy mới mẻ, họ đã cùng nhau viết nên tập truyên ngắn Chân Đi Không Hết Một Cuộc Tình. Cuốn sách là tập hợp những truyện ngắn về cuộc sống, tình bạn, tình yêu, những câu chuyện của hiện tại, tương lai và cả những ký ức tuổi thơ trong veo, hồn nhiên thoáng vui nhưng cũng thoáng buồn. Những lát cắt của cuộc sống, những cung bậc của tình yêu được thể hiện một cách phong phú qua các câu chuyện, với những nhân vật có hoàn cảnh và tính cách khác nhau. \r\n ', 3, 1, 'Sách Cũ', 0, 0),
(126, 'Chân Đi Không Hết Một Cuộc Tình\r\n\r\n', 'chan_di_khong_het_mot_cuoc_tinh.jpg', '1.chan_di_khong_het_mot_cuoc_tinh.jpg', 60, '2016-08-09', 'Lao Động', 'Skybooks', 'Bìa mềm', '13x20 cm', 250, 206, 16, 76000, 'Kai Hoàng và Liêu Hoài An là 2 tác giả trẻ, với những cái nhìn đầy mới mẻ, họ đã cùng nhau viết nên tập truyên ngắn Chân Đi Không Hết Một Cuộc Tình. Cuốn sách là tập hợp những truyện ngắn về cuộc sống, tình bạn, tình yêu, những câu chuyện của hiện tại, tương lai và cả những ký ức tuổi thơ trong veo, hồn nhiên thoáng vui nhưng cũng thoáng buồn. Những lát cắt của cuộc sống, những cung bậc của tình yêu được thể hiện một cách phong phú qua các câu chuyện, với những nhân vật có hoàn cảnh và tính cách khác nhau. \r\n ', 4, 1, 'Sách Cũ', 0, 0),
(127, 'Chân Đi Không Hết Một Cuộc Tình\r\n\r\n', 'chan_di_khong_het_mot_cuoc_tinh.jpg', '1.chan_di_khong_het_mot_cuoc_tinh.jpg', 60, '2016-08-09', 'Lao Động', 'Skybooks', 'Bìa mềm', '13x20 cm', 250, 206, 16, 76000, 'Kai Hoàng và Liêu Hoài An là 2 tác giả trẻ, với những cái nhìn đầy mới mẻ, họ đã cùng nhau viết nên tập truyên ngắn Chân Đi Không Hết Một Cuộc Tình. Cuốn sách là tập hợp những truyện ngắn về cuộc sống, tình bạn, tình yêu, những câu chuyện của hiện tại, tương lai và cả những ký ức tuổi thơ trong veo, hồn nhiên thoáng vui nhưng cũng thoáng buồn. Những lát cắt của cuộc sống, những cung bậc của tình yêu được thể hiện một cách phong phú qua các câu chuyện, với những nhân vật có hoàn cảnh và tính cách khác nhau. \r\n ', 5, 1, 'Sách Cũ', 0, 0),
(128, 'Chân Đi Không Hết Một Cuộc Tình\r\n\r\n', 'chan_di_khong_het_mot_cuoc_tinh.jpg', '1.chan_di_khong_het_mot_cuoc_tinh.jpg', 60, '2016-08-09', 'Lao Động', 'Skybooks', 'Bìa mềm', '13x20 cm', 250, 206, 16, 76000, 'Kai Hoàng và Liêu Hoài An là 2 tác giả trẻ, với những cái nhìn đầy mới mẻ, họ đã cùng nhau viết nên tập truyên ngắn Chân Đi Không Hết Một Cuộc Tình. Cuốn sách là tập hợp những truyện ngắn về cuộc sống, tình bạn, tình yêu, những câu chuyện của hiện tại, tương lai và cả những ký ức tuổi thơ trong veo, hồn nhiên thoáng vui nhưng cũng thoáng buồn. Những lát cắt của cuộc sống, những cung bậc của tình yêu được thể hiện một cách phong phú qua các câu chuyện, với những nhân vật có hoàn cảnh và tính cách khác nhau. \r\n ', 6, 1, 'Sách Cũ', 0, 0),
(129, 'Chân Đi Không Hết Một Cuộc Tình\r\n\r\n', 'chan_di_khong_het_mot_cuoc_tinh.jpg', '1.chan_di_khong_het_mot_cuoc_tinh.jpg', 60, '2016-08-09', 'Lao Động', 'Skybooks', 'Bìa mềm', '13x20 cm', 250, 206, 16, 76000, 'Kai Hoàng và Liêu Hoài An là 2 tác giả trẻ, với những cái nhìn đầy mới mẻ, họ đã cùng nhau viết nên tập truyên ngắn Chân Đi Không Hết Một Cuộc Tình. Cuốn sách là tập hợp những truyện ngắn về cuộc sống, tình bạn, tình yêu, những câu chuyện của hiện tại, tương lai và cả những ký ức tuổi thơ trong veo, hồn nhiên thoáng vui nhưng cũng thoáng buồn. Những lát cắt của cuộc sống, những cung bậc của tình yêu được thể hiện một cách phong phú qua các câu chuyện, với những nhân vật có hoàn cảnh và tính cách khác nhau. \r\n ', 7, 1, 'Sách Cũ', 0, 0),
(130, 'Chân Đi Không Hết Một Cuộc Tình\r\n\r\n', 'chan_di_khong_het_mot_cuoc_tinh.jpg', '1.chan_di_khong_het_mot_cuoc_tinh.jpg', 60, '2016-08-09', 'Lao Động', 'Skybooks', 'Bìa mềm', '13x20 cm', 250, 206, 16, 76000, 'Kai Hoàng và Liêu Hoài An là 2 tác giả trẻ, với những cái nhìn đầy mới mẻ, họ đã cùng nhau viết nên tập truyên ngắn Chân Đi Không Hết Một Cuộc Tình. Cuốn sách là tập hợp những truyện ngắn về cuộc sống, tình bạn, tình yêu, những câu chuyện của hiện tại, tương lai và cả những ký ức tuổi thơ trong veo, hồn nhiên thoáng vui nhưng cũng thoáng buồn. Những lát cắt của cuộc sống, những cung bậc của tình yêu được thể hiện một cách phong phú qua các câu chuyện, với những nhân vật có hoàn cảnh và tính cách khác nhau. \r\n ', 8, 1, 'Sách Cũ', 0, 0),
(131, 'Chân Đi Không Hết Một Cuộc Tình\r\n\r\n', 'chan_di_khong_het_mot_cuoc_tinh.jpg', '1.chan_di_khong_het_mot_cuoc_tinh.jpg', 60, '2016-08-09', 'Lao Động', 'Skybooks', 'Bìa mềm', '13x20 cm', 250, 206, 16, 76000, 'Kai Hoàng và Liêu Hoài An là 2 tác giả trẻ, với những cái nhìn đầy mới mẻ, họ đã cùng nhau viết nên tập truyên ngắn Chân Đi Không Hết Một Cuộc Tình. Cuốn sách là tập hợp những truyện ngắn về cuộc sống, tình bạn, tình yêu, những câu chuyện của hiện tại, tương lai và cả những ký ức tuổi thơ trong veo, hồn nhiên thoáng vui nhưng cũng thoáng buồn. Những lát cắt của cuộc sống, những cung bậc của tình yêu được thể hiện một cách phong phú qua các câu chuyện, với những nhân vật có hoàn cảnh và tính cách khác nhau. \r\n ', 0, 9, 'Sách Cũ', 0, 0),
(132, 'Chân Đi Không Hết Một Cuộc Tình\r\n\r\n', 'chan_di_khong_het_mot_cuoc_tinh.jpg', '1.chan_di_khong_het_mot_cuoc_tinh.jpg', 60, '2016-08-09', 'Lao Động', 'Skybooks', 'Bìa mềm', '13x20 cm', 250, 206, 16, 76000, 'Kai Hoàng và Liêu Hoài An là 2 tác giả trẻ, với những cái nhìn đầy mới mẻ, họ đã cùng nhau viết nên tập truyên ngắn Chân Đi Không Hết Một Cuộc Tình. Cuốn sách là tập hợp những truyện ngắn về cuộc sống, tình bạn, tình yêu, những câu chuyện của hiện tại, tương lai và cả những ký ức tuổi thơ trong veo, hồn nhiên thoáng vui nhưng cũng thoáng buồn. Những lát cắt của cuộc sống, những cung bậc của tình yêu được thể hiện một cách phong phú qua các câu chuyện, với những nhân vật có hoàn cảnh và tính cách khác nhau. \r\n ', 10, 1, 'Sách Cũ', 0, 0),
(133, 'Chân Đi Không Hết Một Cuộc Tình\r\n\r\n', 'chan_di_khong_het_mot_cuoc_tinh.jpg', '1.chan_di_khong_het_mot_cuoc_tinh.jpg', 60, '2016-08-09', 'Lao Động', 'Skybooks', 'Bìa mềm', '13x20 cm', 250, 206, 16, 76000, 'Kai Hoàng và Liêu Hoài An là 2 tác giả trẻ, với những cái nhìn đầy mới mẻ, họ đã cùng nhau viết nên tập truyên ngắn Chân Đi Không Hết Một Cuộc Tình. Cuốn sách là tập hợp những truyện ngắn về cuộc sống, tình bạn, tình yêu, những câu chuyện của hiện tại, tương lai và cả những ký ức tuổi thơ trong veo, hồn nhiên thoáng vui nhưng cũng thoáng buồn. Những lát cắt của cuộc sống, những cung bậc của tình yêu được thể hiện một cách phong phú qua các câu chuyện, với những nhân vật có hoàn cảnh và tính cách khác nhau. \r\n ', 11, 1, 'Sách Cũ', 0, 0),
(134, 'Chân Đi Không Hết Một Cuộc Tình\r\n\r\n', 'chan_di_khong_het_mot_cuoc_tinh.jpg', '1.chan_di_khong_het_mot_cuoc_tinh.jpg', 60, '2016-08-09', 'Lao Động', 'Skybooks', 'Bìa mềm', '13x20 cm', 250, 206, 16, 76000, 'Kai Hoàng và Liêu Hoài An là 2 tác giả trẻ, với những cái nhìn đầy mới mẻ, họ đã cùng nhau viết nên tập truyên ngắn Chân Đi Không Hết Một Cuộc Tình. Cuốn sách là tập hợp những truyện ngắn về cuộc sống, tình bạn, tình yêu, những câu chuyện của hiện tại, tương lai và cả những ký ức tuổi thơ trong veo, hồn nhiên thoáng vui nhưng cũng thoáng buồn. Những lát cắt của cuộc sống, những cung bậc của tình yêu được thể hiện một cách phong phú qua các câu chuyện, với những nhân vật có hoàn cảnh và tính cách khác nhau. \r\n ', 12, 1, 'Sách Cũ', 0, 0),
(135, 'Chân Đi Không Hết Một Cuộc Tình\r\n\r\n', 'chan_di_khong_het_mot_cuoc_tinh.jpg', '1.chan_di_khong_het_mot_cuoc_tinh.jpg', 60, '2016-08-09', 'Lao Động', 'Skybooks', 'Bìa mềm', '13x20 cm', 250, 206, 16, 76000, 'Kai Hoàng và Liêu Hoài An là 2 tác giả trẻ, với những cái nhìn đầy mới mẻ, họ đã cùng nhau viết nên tập truyên ngắn Chân Đi Không Hết Một Cuộc Tình. Cuốn sách là tập hợp những truyện ngắn về cuộc sống, tình bạn, tình yêu, những câu chuyện của hiện tại, tương lai và cả những ký ức tuổi thơ trong veo, hồn nhiên thoáng vui nhưng cũng thoáng buồn. Những lát cắt của cuộc sống, những cung bậc của tình yêu được thể hiện một cách phong phú qua các câu chuyện, với những nhân vật có hoàn cảnh và tính cách khác nhau. \r\n ', 13, 1, 'Sách Cũ', 0, 0),
(136, 'Chân Đi Không Hết Một Cuộc Tình\r\n\r\n', 'chan_di_khong_het_mot_cuoc_tinh.jpg', '1.chan_di_khong_het_mot_cuoc_tinh.jpg', 60, '2016-08-09', 'Lao Động', 'Skybooks', 'Bìa mềm', '13x20 cm', 250, 206, 16, 76000, 'Kai Hoàng và Liêu Hoài An là 2 tác giả trẻ, với những cái nhìn đầy mới mẻ, họ đã cùng nhau viết nên tập truyên ngắn Chân Đi Không Hết Một Cuộc Tình. Cuốn sách là tập hợp những truyện ngắn về cuộc sống, tình bạn, tình yêu, những câu chuyện của hiện tại, tương lai và cả những ký ức tuổi thơ trong veo, hồn nhiên thoáng vui nhưng cũng thoáng buồn. Những lát cắt của cuộc sống, những cung bậc của tình yêu được thể hiện một cách phong phú qua các câu chuyện, với những nhân vật có hoàn cảnh và tính cách khác nhau. \r\n ', 14, 1, 'Sách Cũ', 0, 0),
(137, 'Chân Đi Không Hết Một Cuộc Tình\r\n\r\n', 'chan_di_khong_het_mot_cuoc_tinh.jpg', '1.chan_di_khong_het_mot_cuoc_tinh.jpg', 60, '2016-08-09', 'Lao Động', 'Skybooks', 'Bìa mềm', '13x20 cm', 250, 206, 16, 76000, 'Kai Hoàng và Liêu Hoài An là 2 tác giả trẻ, với những cái nhìn đầy mới mẻ, họ đã cùng nhau viết nên tập truyên ngắn Chân Đi Không Hết Một Cuộc Tình. Cuốn sách là tập hợp những truyện ngắn về cuộc sống, tình bạn, tình yêu, những câu chuyện của hiện tại, tương lai và cả những ký ức tuổi thơ trong veo, hồn nhiên thoáng vui nhưng cũng thoáng buồn. Những lát cắt của cuộc sống, những cung bậc của tình yêu được thể hiện một cách phong phú qua các câu chuyện, với những nhân vật có hoàn cảnh và tính cách khác nhau. \r\n ', 15, 1, 'Sách Cũ', 0, 0),
(138, 'Chân Đi Không Hết Một Cuộc Tình\r\n\r\n', 'chan_di_khong_het_mot_cuoc_tinh.jpg', '1.chan_di_khong_het_mot_cuoc_tinh.jpg', 60, '2016-08-09', 'Lao Động', 'Skybooks', 'Bìa mềm', '13x20 cm', 250, 206, 16, 76000, 'Kai Hoàng và Liêu Hoài An là 2 tác giả trẻ, với những cái nhìn đầy mới mẻ, họ đã cùng nhau viết nên tập truyên ngắn Chân Đi Không Hết Một Cuộc Tình. Cuốn sách là tập hợp những truyện ngắn về cuộc sống, tình bạn, tình yêu, những câu chuyện của hiện tại, tương lai và cả những ký ức tuổi thơ trong veo, hồn nhiên thoáng vui nhưng cũng thoáng buồn. Những lát cắt của cuộc sống, những cung bậc của tình yêu được thể hiện một cách phong phú qua các câu chuyện, với những nhân vật có hoàn cảnh và tính cách khác nhau. \r\n ', 16, 1, 'Sách Cũ', 0, 0),
(139, 'Chân Đi Không Hết Một Cuộc Tình\r\n\r\n', 'chan_di_khong_het_mot_cuoc_tinh.jpg', '1.chan_di_khong_het_mot_cuoc_tinh.jpg', 60, '2016-08-09', 'Lao Động', 'Skybooks', 'Bìa mềm', '13x20 cm', 250, 206, 16, 76000, 'Kai Hoàng và Liêu Hoài An là 2 tác giả trẻ, với những cái nhìn đầy mới mẻ, họ đã cùng nhau viết nên tập truyên ngắn Chân Đi Không Hết Một Cuộc Tình. Cuốn sách là tập hợp những truyện ngắn về cuộc sống, tình bạn, tình yêu, những câu chuyện của hiện tại, tương lai và cả những ký ức tuổi thơ trong veo, hồn nhiên thoáng vui nhưng cũng thoáng buồn. Những lát cắt của cuộc sống, những cung bậc của tình yêu được thể hiện một cách phong phú qua các câu chuyện, với những nhân vật có hoàn cảnh và tính cách khác nhau. \r\n ', 17, 1, 'Sách Cũ', 0, 0),
(140, 'Chân Đi Không Hết Một Cuộc Tình\r\n\r\n', 'chan_di_khong_het_mot_cuoc_tinh.jpg', '1.chan_di_khong_het_mot_cuoc_tinh.jpg', 60, '2016-08-09', 'Lao Động', 'Skybooks', 'Bìa mềm', '13x20 cm', 250, 206, 16, 76000, 'Kai Hoàng và Liêu Hoài An là 2 tác giả trẻ, với những cái nhìn đầy mới mẻ, họ đã cùng nhau viết nên tập truyên ngắn Chân Đi Không Hết Một Cuộc Tình. Cuốn sách là tập hợp những truyện ngắn về cuộc sống, tình bạn, tình yêu, những câu chuyện của hiện tại, tương lai và cả những ký ức tuổi thơ trong veo, hồn nhiên thoáng vui nhưng cũng thoáng buồn. Những lát cắt của cuộc sống, những cung bậc của tình yêu được thể hiện một cách phong phú qua các câu chuyện, với những nhân vật có hoàn cảnh và tính cách khác nhau. \r\n ', 18, 1, 'Sách Cũ', 0, 0),
(141, 'Chân Đi Không Hết Một Cuộc Tình\r\n\r\n', 'chan_di_khong_het_mot_cuoc_tinh.jpg', '1.chan_di_khong_het_mot_cuoc_tinh.jpg', 60, '2016-08-09', 'Lao Động', 'Skybooks', 'Bìa mềm', '13x20 cm', 250, 206, 16, 76000, 'Kai Hoàng và Liêu Hoài An là 2 tác giả trẻ, với những cái nhìn đầy mới mẻ, họ đã cùng nhau viết nên tập truyên ngắn Chân Đi Không Hết Một Cuộc Tình. Cuốn sách là tập hợp những truyện ngắn về cuộc sống, tình bạn, tình yêu, những câu chuyện của hiện tại, tương lai và cả những ký ức tuổi thơ trong veo, hồn nhiên thoáng vui nhưng cũng thoáng buồn. Những lát cắt của cuộc sống, những cung bậc của tình yêu được thể hiện một cách phong phú qua các câu chuyện, với những nhân vật có hoàn cảnh và tính cách khác nhau. \r\n ', 19, 1, 'Sách Cũ', 0, 0);
INSERT INTO `book` (`idbook`, `name`, `imgdetail`, `imgbg`, `idauthor`, `ngayxb`, `nhaxb`, `nhaph`, `dangbia`, `size`, `weight`, `totalpages`, `saleoff`, `price`, `info`, `idtype`, `highlights`, `status`, `sold`, `checkDelete`) VALUES
(142, 'Chân Đi Không Hết Một Cuộc Tình\r\n\r\n', 'chan_di_khong_het_mot_cuoc_tinh.jpg', '1.chan_di_khong_het_mot_cuoc_tinh.jpg', 60, '2016-08-09', 'Lao Động', 'Skybooks', 'Bìa mềm', '13x20 cm', 250, 206, 16, 76000, 'Kai Hoàng và Liêu Hoài An là 2 tác giả trẻ, với những cái nhìn đầy mới mẻ, họ đã cùng nhau viết nên tập truyên ngắn Chân Đi Không Hết Một Cuộc Tình. Cuốn sách là tập hợp những truyện ngắn về cuộc sống, tình bạn, tình yêu, những câu chuyện của hiện tại, tương lai và cả những ký ức tuổi thơ trong veo, hồn nhiên thoáng vui nhưng cũng thoáng buồn. Những lát cắt của cuộc sống, những cung bậc của tình yêu được thể hiện một cách phong phú qua các câu chuyện, với những nhân vật có hoàn cảnh và tính cách khác nhau. \r\n ', 20, 1, 'Sách Cũ', 0, 0),
(143, 'Chân Đi Không Hết Một Cuộc Tình\r\n\r\n', 'chan_di_khong_het_mot_cuoc_tinh.jpg', '1.chan_di_khong_het_mot_cuoc_tinh.jpg', 60, '2016-08-09', 'Lao Động', 'Skybooks', 'Bìa mềm', '13x20 cm', 250, 206, 16, 76000, 'Kai Hoàng và Liêu Hoài An là 2 tác giả trẻ, với những cái nhìn đầy mới mẻ, họ đã cùng nhau viết nên tập truyên ngắn Chân Đi Không Hết Một Cuộc Tình. Cuốn sách là tập hợp những truyện ngắn về cuộc sống, tình bạn, tình yêu, những câu chuyện của hiện tại, tương lai và cả những ký ức tuổi thơ trong veo, hồn nhiên thoáng vui nhưng cũng thoáng buồn. Những lát cắt của cuộc sống, những cung bậc của tình yêu được thể hiện một cách phong phú qua các câu chuyện, với những nhân vật có hoàn cảnh và tính cách khác nhau. \r\n ', 21, 1, 'Sách Cũ', 0, 0),
(144, 'Chân Đi Không Hết Một Cuộc Tình\r\n\r\n', 'chan_di_khong_het_mot_cuoc_tinh.jpg', '1.chan_di_khong_het_mot_cuoc_tinh.jpg', 60, '2016-08-09', 'Lao Động', 'Skybooks', 'Bìa mềm', '13x20 cm', 250, 206, 16, 76000, 'Kai Hoàng và Liêu Hoài An là 2 tác giả trẻ, với những cái nhìn đầy mới mẻ, họ đã cùng nhau viết nên tập truyên ngắn Chân Đi Không Hết Một Cuộc Tình. Cuốn sách là tập hợp những truyện ngắn về cuộc sống, tình bạn, tình yêu, những câu chuyện của hiện tại, tương lai và cả những ký ức tuổi thơ trong veo, hồn nhiên thoáng vui nhưng cũng thoáng buồn. Những lát cắt của cuộc sống, những cung bậc của tình yêu được thể hiện một cách phong phú qua các câu chuyện, với những nhân vật có hoàn cảnh và tính cách khác nhau. \r\n ', 22, 1, 'Sách Cũ', 0, 0),
(145, 'Chân Đi Không Hết Một Cuộc Tình\r\n\r\n', 'chan_di_khong_het_mot_cuoc_tinh.jpg', '1.chan_di_khong_het_mot_cuoc_tinh.jpg', 60, '2016-08-09', 'Lao Động', 'Skybooks', 'Bìa mềm', '13x20 cm', 250, 206, 16, 76000, 'Kai Hoàng và Liêu Hoài An là 2 tác giả trẻ, với những cái nhìn đầy mới mẻ, họ đã cùng nhau viết nên tập truyên ngắn Chân Đi Không Hết Một Cuộc Tình. Cuốn sách là tập hợp những truyện ngắn về cuộc sống, tình bạn, tình yêu, những câu chuyện của hiện tại, tương lai và cả những ký ức tuổi thơ trong veo, hồn nhiên thoáng vui nhưng cũng thoáng buồn. Những lát cắt của cuộc sống, những cung bậc của tình yêu được thể hiện một cách phong phú qua các câu chuyện, với những nhân vật có hoàn cảnh và tính cách khác nhau. \r\n ', 23, 1, 'Sách Cũ', 0, 0),
(146, 'Chân Đi Không Hết Một Cuộc Tình\r\n\r\n', 'chan_di_khong_het_mot_cuoc_tinh.jpg', '1.chan_di_khong_het_mot_cuoc_tinh.jpg', 60, '2016-08-09', 'Lao Động', 'Skybooks', 'Bìa mềm', '13x20 cm', 250, 206, 16, 76000, 'Kai Hoàng và Liêu Hoài An là 2 tác giả trẻ, với những cái nhìn đầy mới mẻ, họ đã cùng nhau viết nên tập truyên ngắn Chân Đi Không Hết Một Cuộc Tình. Cuốn sách là tập hợp những truyện ngắn về cuộc sống, tình bạn, tình yêu, những câu chuyện của hiện tại, tương lai và cả những ký ức tuổi thơ trong veo, hồn nhiên thoáng vui nhưng cũng thoáng buồn. Những lát cắt của cuộc sống, những cung bậc của tình yêu được thể hiện một cách phong phú qua các câu chuyện, với những nhân vật có hoàn cảnh và tính cách khác nhau. \r\n ', 24, 1, 'Sách Cũ', 0, 0),
(147, 'Chân Đi Không Hết Một Cuộc Tình\r\n\r\n', 'chan_di_khong_het_mot_cuoc_tinh.jpg', '1.chan_di_khong_het_mot_cuoc_tinh.jpg', 60, '2016-08-09', 'Lao Động', 'Skybooks', 'Bìa mềm', '13x20 cm', 250, 206, 16, 76000, 'Kai Hoàng và Liêu Hoài An là 2 tác giả trẻ, với những cái nhìn đầy mới mẻ, họ đã cùng nhau viết nên tập truyên ngắn Chân Đi Không Hết Một Cuộc Tình. Cuốn sách là tập hợp những truyện ngắn về cuộc sống, tình bạn, tình yêu, những câu chuyện của hiện tại, tương lai và cả những ký ức tuổi thơ trong veo, hồn nhiên thoáng vui nhưng cũng thoáng buồn. Những lát cắt của cuộc sống, những cung bậc của tình yêu được thể hiện một cách phong phú qua các câu chuyện, với những nhân vật có hoàn cảnh và tính cách khác nhau. \r\n ', 25, 1, 'Sách Cũ', 0, 0),
(148, 'Chân Đi Không Hết Một Cuộc Tình\r\n\r\n', 'chan_di_khong_het_mot_cuoc_tinh.jpg', '1.chan_di_khong_het_mot_cuoc_tinh.jpg', 60, '2016-08-09', 'Lao Động', 'Skybooks', 'Bìa mềm', '13x20 cm', 250, 206, 16, 76000, 'Kai Hoàng và Liêu Hoài An là 2 tác giả trẻ, với những cái nhìn đầy mới mẻ, họ đã cùng nhau viết nên tập truyên ngắn Chân Đi Không Hết Một Cuộc Tình. Cuốn sách là tập hợp những truyện ngắn về cuộc sống, tình bạn, tình yêu, những câu chuyện của hiện tại, tương lai và cả những ký ức tuổi thơ trong veo, hồn nhiên thoáng vui nhưng cũng thoáng buồn. Những lát cắt của cuộc sống, những cung bậc của tình yêu được thể hiện một cách phong phú qua các câu chuyện, với những nhân vật có hoàn cảnh và tính cách khác nhau. \r\n ', 26, 1, 'Sách Cũ', 0, 0),
(149, 'Chân Đi Không Hết Một Cuộc Tình\r\n\r\n', 'chan_di_khong_het_mot_cuoc_tinh.jpg', '1.chan_di_khong_het_mot_cuoc_tinh.jpg', 60, '2016-08-09', 'Lao Động', 'Skybooks', 'Bìa mềm', '13x20 cm', 250, 206, 16, 76000, 'Kai Hoàng và Liêu Hoài An là 2 tác giả trẻ, với những cái nhìn đầy mới mẻ, họ đã cùng nhau viết nên tập truyên ngắn Chân Đi Không Hết Một Cuộc Tình. Cuốn sách là tập hợp những truyện ngắn về cuộc sống, tình bạn, tình yêu, những câu chuyện của hiện tại, tương lai và cả những ký ức tuổi thơ trong veo, hồn nhiên thoáng vui nhưng cũng thoáng buồn. Những lát cắt của cuộc sống, những cung bậc của tình yêu được thể hiện một cách phong phú qua các câu chuyện, với những nhân vật có hoàn cảnh và tính cách khác nhau. \r\n ', 27, 1, 'Sách Cũ', 0, 0),
(150, 'Chân Đi Không Hết Một Cuộc Tình\r\n\r\n', 'chan_di_khong_het_mot_cuoc_tinh.jpg', '1.chan_di_khong_het_mot_cuoc_tinh.jpg', 60, '2016-08-09', 'Lao Động', 'Skybooks', 'Bìa mềm', '13x20 cm', 250, 206, 16, 76000, 'Kai Hoàng và Liêu Hoài An là 2 tác giả trẻ, với những cái nhìn đầy mới mẻ, họ đã cùng nhau viết nên tập truyên ngắn Chân Đi Không Hết Một Cuộc Tình. Cuốn sách là tập hợp những truyện ngắn về cuộc sống, tình bạn, tình yêu, những câu chuyện của hiện tại, tương lai và cả những ký ức tuổi thơ trong veo, hồn nhiên thoáng vui nhưng cũng thoáng buồn. Những lát cắt của cuộc sống, những cung bậc của tình yêu được thể hiện một cách phong phú qua các câu chuyện, với những nhân vật có hoàn cảnh và tính cách khác nhau. \r\n ', 28, 1, 'Sách Cũ', 0, 0),
(151, 'Chân Đi Không Hết Một Cuộc Tình\r\n\r\n', 'chan_di_khong_het_mot_cuoc_tinh.jpg', '1.chan_di_khong_het_mot_cuoc_tinh.jpg', 60, '2016-08-09', 'Lao Động', 'Skybooks', 'Bìa mềm', '13x20 cm', 250, 206, 16, 76000, 'Kai Hoàng và Liêu Hoài An là 2 tác giả trẻ, với những cái nhìn đầy mới mẻ, họ đã cùng nhau viết nên tập truyên ngắn Chân Đi Không Hết Một Cuộc Tình. Cuốn sách là tập hợp những truyện ngắn về cuộc sống, tình bạn, tình yêu, những câu chuyện của hiện tại, tương lai và cả những ký ức tuổi thơ trong veo, hồn nhiên thoáng vui nhưng cũng thoáng buồn. Những lát cắt của cuộc sống, những cung bậc của tình yêu được thể hiện một cách phong phú qua các câu chuyện, với những nhân vật có hoàn cảnh và tính cách khác nhau. \r\n ', 29, 1, 'Sách Cũ', 0, 0),
(152, 'Chân Đi Không Hết Một Cuộc Tình\r\n\r\n', 'chan_di_khong_het_mot_cuoc_tinh.jpg', '1.chan_di_khong_het_mot_cuoc_tinh.jpg', 60, '2016-08-09', 'Lao Động', 'Skybooks', 'Bìa mềm', '13x20 cm', 250, 206, 16, 76000, 'Kai Hoàng và Liêu Hoài An là 2 tác giả trẻ, với những cái nhìn đầy mới mẻ, họ đã cùng nhau viết nên tập truyên ngắn Chân Đi Không Hết Một Cuộc Tình. Cuốn sách là tập hợp những truyện ngắn về cuộc sống, tình bạn, tình yêu, những câu chuyện của hiện tại, tương lai và cả những ký ức tuổi thơ trong veo, hồn nhiên thoáng vui nhưng cũng thoáng buồn. Những lát cắt của cuộc sống, những cung bậc của tình yêu được thể hiện một cách phong phú qua các câu chuyện, với những nhân vật có hoàn cảnh và tính cách khác nhau. \r\n ', 30, 1, 'Sách Cũ', 0, 0),
(153, 'Chân Đi Không Hết Một Cuộc Tình\r\n\r\n', 'chan_di_khong_het_mot_cuoc_tinh.jpg', '1.chan_di_khong_het_mot_cuoc_tinh.jpg', 60, '2016-08-09', 'Lao Động', 'Skybooks', 'Bìa mềm', '13x20 cm', 250, 206, 16, 76000, 'Kai Hoàng và Liêu Hoài An là 2 tác giả trẻ, với những cái nhìn đầy mới mẻ, họ đã cùng nhau viết nên tập truyên ngắn Chân Đi Không Hết Một Cuộc Tình. Cuốn sách là tập hợp những truyện ngắn về cuộc sống, tình bạn, tình yêu, những câu chuyện của hiện tại, tương lai và cả những ký ức tuổi thơ trong veo, hồn nhiên thoáng vui nhưng cũng thoáng buồn. Những lát cắt của cuộc sống, những cung bậc của tình yêu được thể hiện một cách phong phú qua các câu chuyện, với những nhân vật có hoàn cảnh và tính cách khác nhau. \r\n ', 31, 1, 'Sách Cũ', 0, 0),
(154, 'Chân Đi Không Hết Một Cuộc Tình\r\n\r\n', 'chan_di_khong_het_mot_cuoc_tinh.jpg', '1.chan_di_khong_het_mot_cuoc_tinh.jpg', 60, '2016-08-09', 'Lao Động', 'Skybooks', 'Bìa mềm', '13x20 cm', 250, 206, 16, 76000, 'Kai Hoàng và Liêu Hoài An là 2 tác giả trẻ, với những cái nhìn đầy mới mẻ, họ đã cùng nhau viết nên tập truyên ngắn Chân Đi Không Hết Một Cuộc Tình. Cuốn sách là tập hợp những truyện ngắn về cuộc sống, tình bạn, tình yêu, những câu chuyện của hiện tại, tương lai và cả những ký ức tuổi thơ trong veo, hồn nhiên thoáng vui nhưng cũng thoáng buồn. Những lát cắt của cuộc sống, những cung bậc của tình yêu được thể hiện một cách phong phú qua các câu chuyện, với những nhân vật có hoàn cảnh và tính cách khác nhau. \r\n ', 32, 1, 'Sách Cũ', 0, 0),
(155, 'Chân Đi Không Hết Một Cuộc Tình\r\n\r\n', 'chan_di_khong_het_mot_cuoc_tinh.jpg', '1.chan_di_khong_het_mot_cuoc_tinh.jpg', 60, '2016-08-09', 'Lao Động', 'Skybooks', 'Bìa mềm', '13x20 cm', 250, 206, 16, 76000, 'Kai Hoàng và Liêu Hoài An là 2 tác giả trẻ, với những cái nhìn đầy mới mẻ, họ đã cùng nhau viết nên tập truyên ngắn Chân Đi Không Hết Một Cuộc Tình. Cuốn sách là tập hợp những truyện ngắn về cuộc sống, tình bạn, tình yêu, những câu chuyện của hiện tại, tương lai và cả những ký ức tuổi thơ trong veo, hồn nhiên thoáng vui nhưng cũng thoáng buồn. Những lát cắt của cuộc sống, những cung bậc của tình yêu được thể hiện một cách phong phú qua các câu chuyện, với những nhân vật có hoàn cảnh và tính cách khác nhau. \r\n ', 33, 1, 'Sách Cũ', 0, 0),
(156, 'Chân Đi Không Hết Một Cuộc Tình\r\n\r\n', 'chan_di_khong_het_mot_cuoc_tinh.jpg', '1.chan_di_khong_het_mot_cuoc_tinh.jpg', 60, '2016-08-09', 'Lao Động', 'Skybooks', 'Bìa mềm', '13x20 cm', 250, 206, 16, 76000, 'Kai Hoàng và Liêu Hoài An là 2 tác giả trẻ, với những cái nhìn đầy mới mẻ, họ đã cùng nhau viết nên tập truyên ngắn Chân Đi Không Hết Một Cuộc Tình. Cuốn sách là tập hợp những truyện ngắn về cuộc sống, tình bạn, tình yêu, những câu chuyện của hiện tại, tương lai và cả những ký ức tuổi thơ trong veo, hồn nhiên thoáng vui nhưng cũng thoáng buồn. Những lát cắt của cuộc sống, những cung bậc của tình yêu được thể hiện một cách phong phú qua các câu chuyện, với những nhân vật có hoàn cảnh và tính cách khác nhau. \r\n ', 34, 1, 'Sách Cũ', 0, 0),
(157, 'Chân Đi Không Hết Một Cuộc Tình\r\n\r\n', 'chan_di_khong_het_mot_cuoc_tinh.jpg', '1.chan_di_khong_het_mot_cuoc_tinh.jpg', 60, '2016-08-09', 'Lao Động', 'Skybooks', 'Bìa mềm', '13x20 cm', 250, 206, 16, 76000, 'Kai Hoàng và Liêu Hoài An là 2 tác giả trẻ, với những cái nhìn đầy mới mẻ, họ đã cùng nhau viết nên tập truyên ngắn Chân Đi Không Hết Một Cuộc Tình. Cuốn sách là tập hợp những truyện ngắn về cuộc sống, tình bạn, tình yêu, những câu chuyện của hiện tại, tương lai và cả những ký ức tuổi thơ trong veo, hồn nhiên thoáng vui nhưng cũng thoáng buồn. Những lát cắt của cuộc sống, những cung bậc của tình yêu được thể hiện một cách phong phú qua các câu chuyện, với những nhân vật có hoàn cảnh và tính cách khác nhau. \r\n ', 35, 1, 'Sách Cũ', 0, 0),
(158, 'Chân Đi Không Hết Một Cuộc Tình\r\n\r\n', 'chan_di_khong_het_mot_cuoc_tinh.jpg', '1.chan_di_khong_het_mot_cuoc_tinh.jpg', 60, '2016-08-09', 'Lao Động', 'Skybooks', 'Bìa mềm', '13x20 cm', 250, 206, 16, 76000, 'Kai Hoàng và Liêu Hoài An là 2 tác giả trẻ, với những cái nhìn đầy mới mẻ, họ đã cùng nhau viết nên tập truyên ngắn Chân Đi Không Hết Một Cuộc Tình. Cuốn sách là tập hợp những truyện ngắn về cuộc sống, tình bạn, tình yêu, những câu chuyện của hiện tại, tương lai và cả những ký ức tuổi thơ trong veo, hồn nhiên thoáng vui nhưng cũng thoáng buồn. Những lát cắt của cuộc sống, những cung bậc của tình yêu được thể hiện một cách phong phú qua các câu chuyện, với những nhân vật có hoàn cảnh và tính cách khác nhau. \r\n ', 36, 1, 'Sách Cũ', 0, 0),
(159, 'Chân Đi Không Hết Một Cuộc Tình\r\n\r\n', 'chan_di_khong_het_mot_cuoc_tinh.jpg', '1.chan_di_khong_het_mot_cuoc_tinh.jpg', 60, '2016-08-09', 'Lao Động', 'Skybooks', 'Bìa mềm', '13x20 cm', 250, 206, 16, 76000, 'Kai Hoàng và Liêu Hoài An là 2 tác giả trẻ, với những cái nhìn đầy mới mẻ, họ đã cùng nhau viết nên tập truyên ngắn Chân Đi Không Hết Một Cuộc Tình. Cuốn sách là tập hợp những truyện ngắn về cuộc sống, tình bạn, tình yêu, những câu chuyện của hiện tại, tương lai và cả những ký ức tuổi thơ trong veo, hồn nhiên thoáng vui nhưng cũng thoáng buồn. Những lát cắt của cuộc sống, những cung bậc của tình yêu được thể hiện một cách phong phú qua các câu chuyện, với những nhân vật có hoàn cảnh và tính cách khác nhau. \r\n ', 37, 1, 'Sách Cũ', 0, 0),
(160, 'Chân Đi Không Hết Một Cuộc Tình\r\n\r\n', 'chan_di_khong_het_mot_cuoc_tinh.jpg', '1.chan_di_khong_het_mot_cuoc_tinh.jpg', 60, '2016-08-09', 'Lao Động', 'Skybooks', 'Bìa mềm', '13x20 cm', 250, 206, 16, 76000, 'Kai Hoàng và Liêu Hoài An là 2 tác giả trẻ, với những cái nhìn đầy mới mẻ, họ đã cùng nhau viết nên tập truyên ngắn Chân Đi Không Hết Một Cuộc Tình. Cuốn sách là tập hợp những truyện ngắn về cuộc sống, tình bạn, tình yêu, những câu chuyện của hiện tại, tương lai và cả những ký ức tuổi thơ trong veo, hồn nhiên thoáng vui nhưng cũng thoáng buồn. Những lát cắt của cuộc sống, những cung bậc của tình yêu được thể hiện một cách phong phú qua các câu chuyện, với những nhân vật có hoàn cảnh và tính cách khác nhau. \r\n ', 38, 1, 'Sách Cũ', 0, 0),
(161, 'Chân Đi Không Hết Một Cuộc Tình\r\n\r\n', 'chan_di_khong_het_mot_cuoc_tinh.jpg', '1.chan_di_khong_het_mot_cuoc_tinh.jpg', 60, '2016-08-09', 'Lao Động', 'Skybooks', 'Bìa mềm', '13x20 cm', 250, 206, 16, 76000, 'Kai Hoàng và Liêu Hoài An là 2 tác giả trẻ, với những cái nhìn đầy mới mẻ, họ đã cùng nhau viết nên tập truyên ngắn Chân Đi Không Hết Một Cuộc Tình. Cuốn sách là tập hợp những truyện ngắn về cuộc sống, tình bạn, tình yêu, những câu chuyện của hiện tại, tương lai và cả những ký ức tuổi thơ trong veo, hồn nhiên thoáng vui nhưng cũng thoáng buồn. Những lát cắt của cuộc sống, những cung bậc của tình yêu được thể hiện một cách phong phú qua các câu chuyện, với những nhân vật có hoàn cảnh và tính cách khác nhau. \r\n ', 39, 1, 'Sách Cũ', 0, 0),
(162, 'Chân Đi Không Hết Một Cuộc Tình\r\n\r\n', 'chan_di_khong_het_mot_cuoc_tinh.jpg', '1.chan_di_khong_het_mot_cuoc_tinh.jpg', 60, '2016-08-09', 'Lao Động', 'Skybooks', 'Bìa mềm', '13x20 cm', 250, 206, 16, 76000, 'Kai Hoàng và Liêu Hoài An là 2 tác giả trẻ, với những cái nhìn đầy mới mẻ, họ đã cùng nhau viết nên tập truyên ngắn Chân Đi Không Hết Một Cuộc Tình. Cuốn sách là tập hợp những truyện ngắn về cuộc sống, tình bạn, tình yêu, những câu chuyện của hiện tại, tương lai và cả những ký ức tuổi thơ trong veo, hồn nhiên thoáng vui nhưng cũng thoáng buồn. Những lát cắt của cuộc sống, những cung bậc của tình yêu được thể hiện một cách phong phú qua các câu chuyện, với những nhân vật có hoàn cảnh và tính cách khác nhau. \r\n ', 40, 1, 'Sách Cũ', 0, 0),
(163, 'Chân Đi Không Hết Một Cuộc Tình\r\n\r\n', 'chan_di_khong_het_mot_cuoc_tinh.jpg', '1.chan_di_khong_het_mot_cuoc_tinh.jpg', 60, '2016-08-09', 'Lao Động', 'Skybooks', 'Bìa mềm', '13x20 cm', 250, 206, 16, 76000, 'Kai Hoàng và Liêu Hoài An là 2 tác giả trẻ, với những cái nhìn đầy mới mẻ, họ đã cùng nhau viết nên tập truyên ngắn Chân Đi Không Hết Một Cuộc Tình. Cuốn sách là tập hợp những truyện ngắn về cuộc sống, tình bạn, tình yêu, những câu chuyện của hiện tại, tương lai và cả những ký ức tuổi thơ trong veo, hồn nhiên thoáng vui nhưng cũng thoáng buồn. Những lát cắt của cuộc sống, những cung bậc của tình yêu được thể hiện một cách phong phú qua các câu chuyện, với những nhân vật có hoàn cảnh và tính cách khác nhau. \r\n ', 41, 1, 'Sách Cũ', 0, 0),
(164, 'Chân Đi Không Hết Một Cuộc Tình\r\n\r\n', 'chan_di_khong_het_mot_cuoc_tinh.jpg', '1.chan_di_khong_het_mot_cuoc_tinh.jpg', 60, '2016-08-09', 'Lao Động', 'Skybooks', 'Bìa mềm', '13x20 cm', 250, 206, 16, 76000, 'Kai Hoàng và Liêu Hoài An là 2 tác giả trẻ, với những cái nhìn đầy mới mẻ, họ đã cùng nhau viết nên tập truyên ngắn Chân Đi Không Hết Một Cuộc Tình. Cuốn sách là tập hợp những truyện ngắn về cuộc sống, tình bạn, tình yêu, những câu chuyện của hiện tại, tương lai và cả những ký ức tuổi thơ trong veo, hồn nhiên thoáng vui nhưng cũng thoáng buồn. Những lát cắt của cuộc sống, những cung bậc của tình yêu được thể hiện một cách phong phú qua các câu chuyện, với những nhân vật có hoàn cảnh và tính cách khác nhau. \r\n ', 42, 1, 'Sách Cũ', 0, 0),
(165, 'Chân Đi Không Hết Một Cuộc Tình\r\n\r\n', 'chan_di_khong_het_mot_cuoc_tinh.jpg', '1.chan_di_khong_het_mot_cuoc_tinh.jpg', 60, '2016-08-09', 'Lao Động', 'Skybooks', 'Bìa mềm', '13x20 cm', 250, 206, 16, 76000, 'Kai Hoàng và Liêu Hoài An là 2 tác giả trẻ, với những cái nhìn đầy mới mẻ, họ đã cùng nhau viết nên tập truyên ngắn Chân Đi Không Hết Một Cuộc Tình. Cuốn sách là tập hợp những truyện ngắn về cuộc sống, tình bạn, tình yêu, những câu chuyện của hiện tại, tương lai và cả những ký ức tuổi thơ trong veo, hồn nhiên thoáng vui nhưng cũng thoáng buồn. Những lát cắt của cuộc sống, những cung bậc của tình yêu được thể hiện một cách phong phú qua các câu chuyện, với những nhân vật có hoàn cảnh và tính cách khác nhau. \r\n ', 43, 1, 'Sách Cũ', 0, 0),
(166, 'Chân Đi Không Hết Một Cuộc Tình\r\n\r\n', 'chan_di_khong_het_mot_cuoc_tinh.jpg', '1.chan_di_khong_het_mot_cuoc_tinh.jpg', 60, '2016-08-09', 'Lao Động', 'Skybooks', 'Bìa mềm', '13x20 cm', 250, 206, 16, 76000, 'Kai Hoàng và Liêu Hoài An là 2 tác giả trẻ, với những cái nhìn đầy mới mẻ, họ đã cùng nhau viết nên tập truyên ngắn Chân Đi Không Hết Một Cuộc Tình. Cuốn sách là tập hợp những truyện ngắn về cuộc sống, tình bạn, tình yêu, những câu chuyện của hiện tại, tương lai và cả những ký ức tuổi thơ trong veo, hồn nhiên thoáng vui nhưng cũng thoáng buồn. Những lát cắt của cuộc sống, những cung bậc của tình yêu được thể hiện một cách phong phú qua các câu chuyện, với những nhân vật có hoàn cảnh và tính cách khác nhau. \r\n ', 44, 1, 'Sách Cũ', 0, 0),
(167, 'Chân Đi Không Hết Một Cuộc Tình\r\n\r\n', 'chan_di_khong_het_mot_cuoc_tinh.jpg', '1.chan_di_khong_het_mot_cuoc_tinh.jpg', 60, '2016-08-09', 'Lao Động', 'Skybooks', 'Bìa mềm', '13x20 cm', 250, 206, 16, 76000, 'Kai Hoàng và Liêu Hoài An là 2 tác giả trẻ, với những cái nhìn đầy mới mẻ, họ đã cùng nhau viết nên tập truyên ngắn Chân Đi Không Hết Một Cuộc Tình. Cuốn sách là tập hợp những truyện ngắn về cuộc sống, tình bạn, tình yêu, những câu chuyện của hiện tại, tương lai và cả những ký ức tuổi thơ trong veo, hồn nhiên thoáng vui nhưng cũng thoáng buồn. Những lát cắt của cuộc sống, những cung bậc của tình yêu được thể hiện một cách phong phú qua các câu chuyện, với những nhân vật có hoàn cảnh và tính cách khác nhau. \r\n ', 45, 1, 'Sách Cũ', 0, 0),
(168, 'Chân Đi Không Hết Một Cuộc Tình\r\n\r\n', 'chan_di_khong_het_mot_cuoc_tinh.jpg', '1.chan_di_khong_het_mot_cuoc_tinh.jpg', 60, '2016-08-09', 'Lao Động', 'Skybooks', 'Bìa mềm', '13x20 cm', 250, 206, 16, 76000, 'Kai Hoàng và Liêu Hoài An là 2 tác giả trẻ, với những cái nhìn đầy mới mẻ, họ đã cùng nhau viết nên tập truyên ngắn Chân Đi Không Hết Một Cuộc Tình. Cuốn sách là tập hợp những truyện ngắn về cuộc sống, tình bạn, tình yêu, những câu chuyện của hiện tại, tương lai và cả những ký ức tuổi thơ trong veo, hồn nhiên thoáng vui nhưng cũng thoáng buồn. Những lát cắt của cuộc sống, những cung bậc của tình yêu được thể hiện một cách phong phú qua các câu chuyện, với những nhân vật có hoàn cảnh và tính cách khác nhau. \r\n ', 46, 1, 'Sách Cũ', 0, 0),
(169, 'Chân Đi Không Hết Một Cuộc Tình\r\n\r\n', 'chan_di_khong_het_mot_cuoc_tinh.jpg', '1.chan_di_khong_het_mot_cuoc_tinh.jpg', 60, '2016-08-09', 'Lao Động', 'Skybooks', 'Bìa mềm', '13x20 cm', 250, 206, 16, 76000, 'Kai Hoàng và Liêu Hoài An là 2 tác giả trẻ, với những cái nhìn đầy mới mẻ, họ đã cùng nhau viết nên tập truyên ngắn Chân Đi Không Hết Một Cuộc Tình. Cuốn sách là tập hợp những truyện ngắn về cuộc sống, tình bạn, tình yêu, những câu chuyện của hiện tại, tương lai và cả những ký ức tuổi thơ trong veo, hồn nhiên thoáng vui nhưng cũng thoáng buồn. Những lát cắt của cuộc sống, những cung bậc của tình yêu được thể hiện một cách phong phú qua các câu chuyện, với những nhân vật có hoàn cảnh và tính cách khác nhau. \r\n ', 47, 1, 'Sách Cũ', 0, 0),
(170, 'Chân Đi Không Hết Một Cuộc Tình\r\n\r\n', 'chan_di_khong_het_mot_cuoc_tinh.jpg', '1.chan_di_khong_het_mot_cuoc_tinh.jpg', 60, '2016-08-09', 'Lao Động', 'Skybooks', 'Bìa mềm', '13x20 cm', 250, 206, 16, 76000, 'Kai Hoàng và Liêu Hoài An là 2 tác giả trẻ, với những cái nhìn đầy mới mẻ, họ đã cùng nhau viết nên tập truyên ngắn Chân Đi Không Hết Một Cuộc Tình. Cuốn sách là tập hợp những truyện ngắn về cuộc sống, tình bạn, tình yêu, những câu chuyện của hiện tại, tương lai và cả những ký ức tuổi thơ trong veo, hồn nhiên thoáng vui nhưng cũng thoáng buồn. Những lát cắt của cuộc sống, những cung bậc của tình yêu được thể hiện một cách phong phú qua các câu chuyện, với những nhân vật có hoàn cảnh và tính cách khác nhau. \r\n ', 48, 1, 'Sách Cũ', 0, 0),
(171, 'Chân Đi Không Hết Một Cuộc Tình\r\n\r\n', 'chan_di_khong_het_mot_cuoc_tinh.jpg', '1.chan_di_khong_het_mot_cuoc_tinh.jpg', 60, '2016-08-09', 'Lao Động', 'Skybooks', 'Bìa mềm', '13x20 cm', 250, 206, 16, 76000, 'Kai Hoàng và Liêu Hoài An là 2 tác giả trẻ, với những cái nhìn đầy mới mẻ, họ đã cùng nhau viết nên tập truyên ngắn Chân Đi Không Hết Một Cuộc Tình. Cuốn sách là tập hợp những truyện ngắn về cuộc sống, tình bạn, tình yêu, những câu chuyện của hiện tại, tương lai và cả những ký ức tuổi thơ trong veo, hồn nhiên thoáng vui nhưng cũng thoáng buồn. Những lát cắt của cuộc sống, những cung bậc của tình yêu được thể hiện một cách phong phú qua các câu chuyện, với những nhân vật có hoàn cảnh và tính cách khác nhau. \r\n ', 49, 1, 'Sách Cũ', 0, 0),
(172, 'Chân Đi Không Hết Một Cuộc Tình\r\n\r\n', 'chan_di_khong_het_mot_cuoc_tinh.jpg', '1.chan_di_khong_het_mot_cuoc_tinh.jpg', 60, '2016-08-09', 'Lao Động', 'Skybooks', 'Bìa mềm', '13x20 cm', 250, 206, 16, 76000, 'Kai Hoàng và Liêu Hoài An là 2 tác giả trẻ, với những cái nhìn đầy mới mẻ, họ đã cùng nhau viết nên tập truyên ngắn Chân Đi Không Hết Một Cuộc Tình. Cuốn sách là tập hợp những truyện ngắn về cuộc sống, tình bạn, tình yêu, những câu chuyện của hiện tại, tương lai và cả những ký ức tuổi thơ trong veo, hồn nhiên thoáng vui nhưng cũng thoáng buồn. Những lát cắt của cuộc sống, những cung bậc của tình yêu được thể hiện một cách phong phú qua các câu chuyện, với những nhân vật có hoàn cảnh và tính cách khác nhau. \r\n ', 50, 1, 'Sách Cũ', 0, 0),
(173, 'Chân Đi Không Hết Một Cuộc Tình\r\n\r\n', 'chan_di_khong_het_mot_cuoc_tinh.jpg', '1.chan_di_khong_het_mot_cuoc_tinh.jpg', 60, '2016-08-09', 'Lao Động', 'Skybooks', 'Bìa mềm', '13x20 cm', 250, 206, 16, 76000, 'Kai Hoàng và Liêu Hoài An là 2 tác giả trẻ, với những cái nhìn đầy mới mẻ, họ đã cùng nhau viết nên tập truyên ngắn Chân Đi Không Hết Một Cuộc Tình. Cuốn sách là tập hợp những truyện ngắn về cuộc sống, tình bạn, tình yêu, những câu chuyện của hiện tại, tương lai và cả những ký ức tuổi thơ trong veo, hồn nhiên thoáng vui nhưng cũng thoáng buồn. Những lát cắt của cuộc sống, những cung bậc của tình yêu được thể hiện một cách phong phú qua các câu chuyện, với những nhân vật có hoàn cảnh và tính cách khác nhau. \r\n ', 51, 1, 'Sách Cũ', 0, 0),
(174, 'Chân Đi Không Hết Một Cuộc Tình\r\n\r\n', 'chan_di_khong_het_mot_cuoc_tinh.jpg', '1.chan_di_khong_het_mot_cuoc_tinh.jpg', 60, '2016-08-09', 'Lao Động', 'Skybooks', 'Bìa mềm', '13x20 cm', 250, 206, 16, 76000, 'Kai Hoàng và Liêu Hoài An là 2 tác giả trẻ, với những cái nhìn đầy mới mẻ, họ đã cùng nhau viết nên tập truyên ngắn Chân Đi Không Hết Một Cuộc Tình. Cuốn sách là tập hợp những truyện ngắn về cuộc sống, tình bạn, tình yêu, những câu chuyện của hiện tại, tương lai và cả những ký ức tuổi thơ trong veo, hồn nhiên thoáng vui nhưng cũng thoáng buồn. Những lát cắt của cuộc sống, những cung bậc của tình yêu được thể hiện một cách phong phú qua các câu chuyện, với những nhân vật có hoàn cảnh và tính cách khác nhau. \r\n ', 52, 1, 'Sách Cũ', 0, 0),
(175, 'Chân Đi Không Hết Một Cuộc Tình\r\n\r\n', 'chan_di_khong_het_mot_cuoc_tinh.jpg', '1.chan_di_khong_het_mot_cuoc_tinh.jpg', 60, '2016-08-09', 'Lao Động', 'Skybooks', 'Bìa mềm', '13x20 cm', 250, 206, 16, 76000, 'Kai Hoàng và Liêu Hoài An là 2 tác giả trẻ, với những cái nhìn đầy mới mẻ, họ đã cùng nhau viết nên tập truyên ngắn Chân Đi Không Hết Một Cuộc Tình. Cuốn sách là tập hợp những truyện ngắn về cuộc sống, tình bạn, tình yêu, những câu chuyện của hiện tại, tương lai và cả những ký ức tuổi thơ trong veo, hồn nhiên thoáng vui nhưng cũng thoáng buồn. Những lát cắt của cuộc sống, những cung bậc của tình yêu được thể hiện một cách phong phú qua các câu chuyện, với những nhân vật có hoàn cảnh và tính cách khác nhau. \r\n ', 53, 1, 'Sách Cũ', 0, 0),
(176, 'Chân Đi Không Hết Một Cuộc Tình\r\n\r\n', 'chan_di_khong_het_mot_cuoc_tinh.jpg', '1.chan_di_khong_het_mot_cuoc_tinh.jpg', 60, '2016-08-09', 'Lao Động', 'Skybooks', 'Bìa mềm', '13x20 cm', 250, 206, 16, 76000, 'Kai Hoàng và Liêu Hoài An là 2 tác giả trẻ, với những cái nhìn đầy mới mẻ, họ đã cùng nhau viết nên tập truyên ngắn Chân Đi Không Hết Một Cuộc Tình. Cuốn sách là tập hợp những truyện ngắn về cuộc sống, tình bạn, tình yêu, những câu chuyện của hiện tại, tương lai và cả những ký ức tuổi thơ trong veo, hồn nhiên thoáng vui nhưng cũng thoáng buồn. Những lát cắt của cuộc sống, những cung bậc của tình yêu được thể hiện một cách phong phú qua các câu chuyện, với những nhân vật có hoàn cảnh và tính cách khác nhau. \r\n ', 54, 1, 'Sách Cũ', 0, 0),
(177, 'Chân Đi Không Hết Một Cuộc Tình\r\n\r\n', 'chan_di_khong_het_mot_cuoc_tinh.jpg', '1.chan_di_khong_het_mot_cuoc_tinh.jpg', 60, '2016-08-09', 'Lao Động', 'Skybooks', 'Bìa mềm', '13x20 cm', 250, 206, 16, 76000, 'Kai Hoàng và Liêu Hoài An là 2 tác giả trẻ, với những cái nhìn đầy mới mẻ, họ đã cùng nhau viết nên tập truyên ngắn Chân Đi Không Hết Một Cuộc Tình. Cuốn sách là tập hợp những truyện ngắn về cuộc sống, tình bạn, tình yêu, những câu chuyện của hiện tại, tương lai và cả những ký ức tuổi thơ trong veo, hồn nhiên thoáng vui nhưng cũng thoáng buồn. Những lát cắt của cuộc sống, những cung bậc của tình yêu được thể hiện một cách phong phú qua các câu chuyện, với những nhân vật có hoàn cảnh và tính cách khác nhau. \r\n ', 55, 1, 'Sách Cũ', 0, 0),
(178, 'Chân Đi Không Hết Một Cuộc Tình\r\n\r\n', 'chan_di_khong_het_mot_cuoc_tinh.jpg', '1.chan_di_khong_het_mot_cuoc_tinh.jpg', 60, '2016-08-09', 'Lao Động', 'Skybooks', 'Bìa mềm', '13x20 cm', 250, 206, 16, 76000, 'Kai Hoàng và Liêu Hoài An là 2 tác giả trẻ, với những cái nhìn đầy mới mẻ, họ đã cùng nhau viết nên tập truyên ngắn Chân Đi Không Hết Một Cuộc Tình. Cuốn sách là tập hợp những truyện ngắn về cuộc sống, tình bạn, tình yêu, những câu chuyện của hiện tại, tương lai và cả những ký ức tuổi thơ trong veo, hồn nhiên thoáng vui nhưng cũng thoáng buồn. Những lát cắt của cuộc sống, những cung bậc của tình yêu được thể hiện một cách phong phú qua các câu chuyện, với những nhân vật có hoàn cảnh và tính cách khác nhau. \r\n ', 56, 1, 'Sách Cũ', 0, 0),
(179, 'Chân Đi Không Hết Một Cuộc Tình\r\n\r\n', 'chan_di_khong_het_mot_cuoc_tinh.jpg', '1.chan_di_khong_het_mot_cuoc_tinh.jpg', 60, '2016-08-09', 'Lao Động', 'Skybooks', 'Bìa mềm', '13x20 cm', 250, 206, 16, 76000, 'Kai Hoàng và Liêu Hoài An là 2 tác giả trẻ, với những cái nhìn đầy mới mẻ, họ đã cùng nhau viết nên tập truyên ngắn Chân Đi Không Hết Một Cuộc Tình. Cuốn sách là tập hợp những truyện ngắn về cuộc sống, tình bạn, tình yêu, những câu chuyện của hiện tại, tương lai và cả những ký ức tuổi thơ trong veo, hồn nhiên thoáng vui nhưng cũng thoáng buồn. Những lát cắt của cuộc sống, những cung bậc của tình yêu được thể hiện một cách phong phú qua các câu chuyện, với những nhân vật có hoàn cảnh và tính cách khác nhau. \r\n ', 57, 1, 'Sách Cũ', 0, 0),
(180, 'Chân Đi Không Hết Một Cuộc Tình\r\n\r\n', 'chan_di_khong_het_mot_cuoc_tinh.jpg', '1.chan_di_khong_het_mot_cuoc_tinh.jpg', 60, '2016-08-09', 'Lao Động', 'Skybooks', 'Bìa mềm', '13x20 cm', 250, 206, 16, 76000, 'Kai Hoàng và Liêu Hoài An là 2 tác giả trẻ, với những cái nhìn đầy mới mẻ, họ đã cùng nhau viết nên tập truyên ngắn Chân Đi Không Hết Một Cuộc Tình. Cuốn sách là tập hợp những truyện ngắn về cuộc sống, tình bạn, tình yêu, những câu chuyện của hiện tại, tương lai và cả những ký ức tuổi thơ trong veo, hồn nhiên thoáng vui nhưng cũng thoáng buồn. Những lát cắt của cuộc sống, những cung bậc của tình yêu được thể hiện một cách phong phú qua các câu chuyện, với những nhân vật có hoàn cảnh và tính cách khác nhau. \r\n ', 58, 1, 'Sách Cũ', 0, 0),
(181, 'Chân Đi Không Hết Một Cuộc Tình\r\n\r\n', 'chan_di_khong_het_mot_cuoc_tinh.jpg', '1.chan_di_khong_het_mot_cuoc_tinh.jpg', 60, '2016-08-09', 'Lao Động', 'Skybooks', 'Bìa mềm', '13x20 cm', 250, 206, 16, 76000, 'Kai Hoàng và Liêu Hoài An là 2 tác giả trẻ, với những cái nhìn đầy mới mẻ, họ đã cùng nhau viết nên tập truyên ngắn Chân Đi Không Hết Một Cuộc Tình. Cuốn sách là tập hợp những truyện ngắn về cuộc sống, tình bạn, tình yêu, những câu chuyện của hiện tại, tương lai và cả những ký ức tuổi thơ trong veo, hồn nhiên thoáng vui nhưng cũng thoáng buồn. Những lát cắt của cuộc sống, những cung bậc của tình yêu được thể hiện một cách phong phú qua các câu chuyện, với những nhân vật có hoàn cảnh và tính cách khác nhau. \r\n ', 59, 1, 'Sách Cũ', 0, 0),
(182, 'Chân Đi Không Hết Một Cuộc Tình\r\n\r\n', 'chan_di_khong_het_mot_cuoc_tinh.jpg', '1.chan_di_khong_het_mot_cuoc_tinh.jpg', 60, '2016-08-09', 'Lao Động', 'Skybooks', 'Bìa mềm', '13x20 cm', 250, 206, 16, 76000, 'Kai Hoàng và Liêu Hoài An là 2 tác giả trẻ, với những cái nhìn đầy mới mẻ, họ đã cùng nhau viết nên tập truyên ngắn Chân Đi Không Hết Một Cuộc Tình. Cuốn sách là tập hợp những truyện ngắn về cuộc sống, tình bạn, tình yêu, những câu chuyện của hiện tại, tương lai và cả những ký ức tuổi thơ trong veo, hồn nhiên thoáng vui nhưng cũng thoáng buồn. Những lát cắt của cuộc sống, những cung bậc của tình yêu được thể hiện một cách phong phú qua các câu chuyện, với những nhân vật có hoàn cảnh và tính cách khác nhau. \r\n ', 60, 1, 'Sách Cũ', 0, 0),
(183, 'Chân Đi Không Hết Một Cuộc Tình\r\n\r\n', 'chan_di_khong_het_mot_cuoc_tinh.jpg', '1.chan_di_khong_het_mot_cuoc_tinh.jpg', 60, '2016-08-09', 'Lao Động', 'Skybooks', 'Bìa mềm', '13x20 cm', 250, 206, 16, 76000, 'Kai Hoàng và Liêu Hoài An là 2 tác giả trẻ, với những cái nhìn đầy mới mẻ, họ đã cùng nhau viết nên tập truyên ngắn Chân Đi Không Hết Một Cuộc Tình. Cuốn sách là tập hợp những truyện ngắn về cuộc sống, tình bạn, tình yêu, những câu chuyện của hiện tại, tương lai và cả những ký ức tuổi thơ trong veo, hồn nhiên thoáng vui nhưng cũng thoáng buồn. Những lát cắt của cuộc sống, những cung bậc của tình yêu được thể hiện một cách phong phú qua các câu chuyện, với những nhân vật có hoàn cảnh và tính cách khác nhau. \r\n ', 61, 1, 'Sách Cũ', 0, 0),
(184, 'Chân Đi Không Hết Một Cuộc Tình\r\n\r\n', 'chan_di_khong_het_mot_cuoc_tinh.jpg', '1.chan_di_khong_het_mot_cuoc_tinh.jpg', 60, '2016-08-09', 'Lao Động', 'Skybooks', 'Bìa mềm', '13x20 cm', 250, 206, 16, 76000, 'Kai Hoàng và Liêu Hoài An là 2 tác giả trẻ, với những cái nhìn đầy mới mẻ, họ đã cùng nhau viết nên tập truyên ngắn Chân Đi Không Hết Một Cuộc Tình. Cuốn sách là tập hợp những truyện ngắn về cuộc sống, tình bạn, tình yêu, những câu chuyện của hiện tại, tương lai và cả những ký ức tuổi thơ trong veo, hồn nhiên thoáng vui nhưng cũng thoáng buồn. Những lát cắt của cuộc sống, những cung bậc của tình yêu được thể hiện một cách phong phú qua các câu chuyện, với những nhân vật có hoàn cảnh và tính cách khác nhau. \r\n ', 62, 1, 'Sách Cũ', 0, 0),
(185, 'Chân Đi Không Hết Một Cuộc Tình\r\n\r\n', 'chan_di_khong_het_mot_cuoc_tinh.jpg', '1.chan_di_khong_het_mot_cuoc_tinh.jpg', 60, '2016-08-09', 'Lao Động', 'Skybooks', 'Bìa mềm', '13x20 cm', 250, 206, 16, 76000, 'Kai Hoàng và Liêu Hoài An là 2 tác giả trẻ, với những cái nhìn đầy mới mẻ, họ đã cùng nhau viết nên tập truyên ngắn Chân Đi Không Hết Một Cuộc Tình. Cuốn sách là tập hợp những truyện ngắn về cuộc sống, tình bạn, tình yêu, những câu chuyện của hiện tại, tương lai và cả những ký ức tuổi thơ trong veo, hồn nhiên thoáng vui nhưng cũng thoáng buồn. Những lát cắt của cuộc sống, những cung bậc của tình yêu được thể hiện một cách phong phú qua các câu chuyện, với những nhân vật có hoàn cảnh và tính cách khác nhau. \r\n ', 63, 1, 'Sách Cũ', 0, 0),
(186, 'Chân Đi Không Hết Một Cuộc Tình\r\n\r\n', 'chan_di_khong_het_mot_cuoc_tinh.jpg', '1.chan_di_khong_het_mot_cuoc_tinh.jpg', 60, '2016-08-09', 'Lao Động', 'Skybooks', 'Bìa mềm', '13x20 cm', 250, 206, 16, 76000, 'Kai Hoàng và Liêu Hoài An là 2 tác giả trẻ, với những cái nhìn đầy mới mẻ, họ đã cùng nhau viết nên tập truyên ngắn Chân Đi Không Hết Một Cuộc Tình. Cuốn sách là tập hợp những truyện ngắn về cuộc sống, tình bạn, tình yêu, những câu chuyện của hiện tại, tương lai và cả những ký ức tuổi thơ trong veo, hồn nhiên thoáng vui nhưng cũng thoáng buồn. Những lát cắt của cuộc sống, những cung bậc của tình yêu được thể hiện một cách phong phú qua các câu chuyện, với những nhân vật có hoàn cảnh và tính cách khác nhau. \r\n ', 64, 1, 'Sách Cũ', 0, 0),
(187, 'Suy Nghĩ Vẩn Vơ Của Kẻ Nhàn Rỗi - Phần 2', 'suy_nghi_van_vo_cua_ke_nhan_roi_phan_2.jpg', '1.suy_nghi_van_vo_cua_ke_nhan_roi_phan_2.jpg', 61, '2017-04-25', 'Văn Học', 'Văn Việt', 'Bìa Mềm', '13x20.5 cm', 360, 328, 15, 82000, 'Cuộc đời là để sống, không phải để lần hồi qua ngày, để đương đầu đối mặt, không phải nhận chỉ dẫn từ người khác.\r\n \r\nCuộc đời không phải một ván cờ, mà chiến thắng thuộc về kẻ nào khôn ngoan nhất, nó là một ván bài đòi hỏi con người ta cần phải tận dụng khéo léo từng quân bài mình có trong tay.\r\n \r\nCuốn tản văn Suy nghĩ vẩn vơ của kẻ nhàn rỗi phần 2 với những chia sẻ giản dị mà sâu sắc, bạn đọc sẽ từng chút từng chút tìm thấy những giá trị để áp dụng cho cuộc sống của chính mình.', 1, 1, 'Sách Mới', 0, 0),
(188, 'Suy Nghĩ Vẩn Vơ Của Kẻ Nhàn Rỗi - Phần 2', 'suy_nghi_van_vo_cua_ke_nhan_roi_phan_2.jpg', '1.suy_nghi_van_vo_cua_ke_nhan_roi_phan_2.jpg', 61, '2017-04-25', 'Văn Học', 'Văn Việt', 'Bìa Mềm', '13x20.5 cm', 360, 328, 15, 82000, 'Cuộc đời là để sống, không phải để lần hồi qua ngày, để đương đầu đối mặt, không phải nhận chỉ dẫn từ người khác.\r\n \r\nCuộc đời không phải một ván cờ, mà chiến thắng thuộc về kẻ nào khôn ngoan nhất, nó là một ván bài đòi hỏi con người ta cần phải tận dụng khéo léo từng quân bài mình có trong tay.\r\n \r\nCuốn tản văn Suy nghĩ vẩn vơ của kẻ nhàn rỗi phần 2 với những chia sẻ giản dị mà sâu sắc, bạn đọc sẽ từng chút từng chút tìm thấy những giá trị để áp dụng cho cuộc sống của chính mình.', 2, 1, 'Sách Mới', 0, 0),
(189, 'Suy Nghĩ Vẩn Vơ Của Kẻ Nhàn Rỗi - Phần 2', 'suy_nghi_van_vo_cua_ke_nhan_roi_phan_2.jpg', '1.suy_nghi_van_vo_cua_ke_nhan_roi_phan_2.jpg', 61, '2017-04-25', 'Văn Học', 'Văn Việt', 'Bìa Mềm', '13x20.5 cm', 360, 328, 15, 82000, 'Cuộc đời là để sống, không phải để lần hồi qua ngày, để đương đầu đối mặt, không phải nhận chỉ dẫn từ người khác.\r\n \r\nCuộc đời không phải một ván cờ, mà chiến thắng thuộc về kẻ nào khôn ngoan nhất, nó là một ván bài đòi hỏi con người ta cần phải tận dụng khéo léo từng quân bài mình có trong tay.\r\n \r\nCuốn tản văn Suy nghĩ vẩn vơ của kẻ nhàn rỗi phần 2 với những chia sẻ giản dị mà sâu sắc, bạn đọc sẽ từng chút từng chút tìm thấy những giá trị để áp dụng cho cuộc sống của chính mình.', 3, 1, 'Sách Mới', 0, 0),
(190, 'Suy Nghĩ Vẩn Vơ Của Kẻ Nhàn Rỗi - Phần 2', 'suy_nghi_van_vo_cua_ke_nhan_roi_phan_2.jpg', '1.suy_nghi_van_vo_cua_ke_nhan_roi_phan_2.jpg', 61, '2017-04-25', 'Văn Học', 'Văn Việt', 'Bìa Mềm', '13x20.5 cm', 360, 328, 15, 82000, 'Cuộc đời là để sống, không phải để lần hồi qua ngày, để đương đầu đối mặt, không phải nhận chỉ dẫn từ người khác.\r\n \r\nCuộc đời không phải một ván cờ, mà chiến thắng thuộc về kẻ nào khôn ngoan nhất, nó là một ván bài đòi hỏi con người ta cần phải tận dụng khéo léo từng quân bài mình có trong tay.\r\n \r\nCuốn tản văn Suy nghĩ vẩn vơ của kẻ nhàn rỗi phần 2 với những chia sẻ giản dị mà sâu sắc, bạn đọc sẽ từng chút từng chút tìm thấy những giá trị để áp dụng cho cuộc sống của chính mình.', 4, 1, 'Sách Mới', 0, 0),
(191, 'Suy Nghĩ Vẩn Vơ Của Kẻ Nhàn Rỗi - Phần 2', 'suy_nghi_van_vo_cua_ke_nhan_roi_phan_2.jpg', '1.suy_nghi_van_vo_cua_ke_nhan_roi_phan_2.jpg', 61, '2017-04-25', 'Văn Học', 'Văn Việt', 'Bìa Mềm', '13x20.5 cm', 360, 328, 15, 82000, 'Cuộc đời là để sống, không phải để lần hồi qua ngày, để đương đầu đối mặt, không phải nhận chỉ dẫn từ người khác.\r\n \r\nCuộc đời không phải một ván cờ, mà chiến thắng thuộc về kẻ nào khôn ngoan nhất, nó là một ván bài đòi hỏi con người ta cần phải tận dụng khéo léo từng quân bài mình có trong tay.\r\n \r\nCuốn tản văn Suy nghĩ vẩn vơ của kẻ nhàn rỗi phần 2 với những chia sẻ giản dị mà sâu sắc, bạn đọc sẽ từng chút từng chút tìm thấy những giá trị để áp dụng cho cuộc sống của chính mình.', 5, 1, 'Sách Mới', 0, 0),
(192, 'Suy Nghĩ Vẩn Vơ Của Kẻ Nhàn Rỗi - Phần 2', 'suy_nghi_van_vo_cua_ke_nhan_roi_phan_2.jpg', '1.suy_nghi_van_vo_cua_ke_nhan_roi_phan_2.jpg', 61, '2017-04-25', 'Văn Học', 'Văn Việt', 'Bìa Mềm', '13x20.5 cm', 360, 328, 15, 82000, 'Cuộc đời là để sống, không phải để lần hồi qua ngày, để đương đầu đối mặt, không phải nhận chỉ dẫn từ người khác.\r\n \r\nCuộc đời không phải một ván cờ, mà chiến thắng thuộc về kẻ nào khôn ngoan nhất, nó là một ván bài đòi hỏi con người ta cần phải tận dụng khéo léo từng quân bài mình có trong tay.\r\n \r\nCuốn tản văn Suy nghĩ vẩn vơ của kẻ nhàn rỗi phần 2 với những chia sẻ giản dị mà sâu sắc, bạn đọc sẽ từng chút từng chút tìm thấy những giá trị để áp dụng cho cuộc sống của chính mình.', 6, 1, 'Sách Mới', 0, 0),
(193, 'Suy Nghĩ Vẩn Vơ Của Kẻ Nhàn Rỗi - Phần 2', 'suy_nghi_van_vo_cua_ke_nhan_roi_phan_2.jpg', '1.suy_nghi_van_vo_cua_ke_nhan_roi_phan_2.jpg', 61, '2017-04-25', 'Văn Học', 'Văn Việt', 'Bìa Mềm', '13x20.5 cm', 360, 328, 15, 82000, 'Cuộc đời là để sống, không phải để lần hồi qua ngày, để đương đầu đối mặt, không phải nhận chỉ dẫn từ người khác.\r\n \r\nCuộc đời không phải một ván cờ, mà chiến thắng thuộc về kẻ nào khôn ngoan nhất, nó là một ván bài đòi hỏi con người ta cần phải tận dụng khéo léo từng quân bài mình có trong tay.\r\n \r\nCuốn tản văn Suy nghĩ vẩn vơ của kẻ nhàn rỗi phần 2 với những chia sẻ giản dị mà sâu sắc, bạn đọc sẽ từng chút từng chút tìm thấy những giá trị để áp dụng cho cuộc sống của chính mình.', 7, 1, 'Sách Mới', 0, 0),
(194, 'Suy Nghĩ Vẩn Vơ Của Kẻ Nhàn Rỗi - Phần 2', 'suy_nghi_van_vo_cua_ke_nhan_roi_phan_2.jpg', '1.suy_nghi_van_vo_cua_ke_nhan_roi_phan_2.jpg', 61, '2017-04-25', 'Văn Học', 'Văn Việt', 'Bìa Mềm', '13x20.5 cm', 360, 328, 15, 82000, 'Cuộc đời là để sống, không phải để lần hồi qua ngày, để đương đầu đối mặt, không phải nhận chỉ dẫn từ người khác.\r\n \r\nCuộc đời không phải một ván cờ, mà chiến thắng thuộc về kẻ nào khôn ngoan nhất, nó là một ván bài đòi hỏi con người ta cần phải tận dụng khéo léo từng quân bài mình có trong tay.\r\n \r\nCuốn tản văn Suy nghĩ vẩn vơ của kẻ nhàn rỗi phần 2 với những chia sẻ giản dị mà sâu sắc, bạn đọc sẽ từng chút từng chút tìm thấy những giá trị để áp dụng cho cuộc sống của chính mình.', 8, 1, 'Sách Mới', 0, 0),
(195, 'Suy Nghĩ Vẩn Vơ Của Kẻ Nhàn Rỗi - Phần 2', 'suy_nghi_van_vo_cua_ke_nhan_roi_phan_2.jpg', '1.suy_nghi_van_vo_cua_ke_nhan_roi_phan_2.jpg', 61, '2017-04-25', 'Văn Học', 'Văn Việt', 'Bìa Mềm', '13x20.5 cm', 360, 328, 15, 82000, 'Cuộc đời là để sống, không phải để lần hồi qua ngày, để đương đầu đối mặt, không phải nhận chỉ dẫn từ người khác.\r\n \r\nCuộc đời không phải một ván cờ, mà chiến thắng thuộc về kẻ nào khôn ngoan nhất, nó là một ván bài đòi hỏi con người ta cần phải tận dụng khéo léo từng quân bài mình có trong tay.\r\n \r\nCuốn tản văn Suy nghĩ vẩn vơ của kẻ nhàn rỗi phần 2 với những chia sẻ giản dị mà sâu sắc, bạn đọc sẽ từng chút từng chút tìm thấy những giá trị để áp dụng cho cuộc sống của chính mình.', 9, 1, 'Sách Mới', 0, 0),
(196, 'Suy Nghĩ Vẩn Vơ Của Kẻ Nhàn Rỗi - Phần 2', 'suy_nghi_van_vo_cua_ke_nhan_roi_phan_2.jpg', '1.suy_nghi_van_vo_cua_ke_nhan_roi_phan_2.jpg', 61, '2017-04-25', 'Văn Học', 'Văn Việt', 'Bìa Mềm', '13x20.5 cm', 360, 328, 15, 82000, 'Cuộc đời là để sống, không phải để lần hồi qua ngày, để đương đầu đối mặt, không phải nhận chỉ dẫn từ người khác.\r\n \r\nCuộc đời không phải một ván cờ, mà chiến thắng thuộc về kẻ nào khôn ngoan nhất, nó là một ván bài đòi hỏi con người ta cần phải tận dụng khéo léo từng quân bài mình có trong tay.\r\n \r\nCuốn tản văn Suy nghĩ vẩn vơ của kẻ nhàn rỗi phần 2 với những chia sẻ giản dị mà sâu sắc, bạn đọc sẽ từng chút từng chút tìm thấy những giá trị để áp dụng cho cuộc sống của chính mình.', 10, 1, 'Sách Mới', 0, 0),
(197, 'Suy Nghĩ Vẩn Vơ Của Kẻ Nhàn Rỗi - Phần 2', 'suy_nghi_van_vo_cua_ke_nhan_roi_phan_2.jpg', '1.suy_nghi_van_vo_cua_ke_nhan_roi_phan_2.jpg', 61, '2017-04-25', 'Văn Học', 'Văn Việt', 'Bìa Mềm', '13x20.5 cm', 360, 328, 15, 82000, 'Cuộc đời là để sống, không phải để lần hồi qua ngày, để đương đầu đối mặt, không phải nhận chỉ dẫn từ người khác.\r\n \r\nCuộc đời không phải một ván cờ, mà chiến thắng thuộc về kẻ nào khôn ngoan nhất, nó là một ván bài đòi hỏi con người ta cần phải tận dụng khéo léo từng quân bài mình có trong tay.\r\n \r\nCuốn tản văn Suy nghĩ vẩn vơ của kẻ nhàn rỗi phần 2 với những chia sẻ giản dị mà sâu sắc, bạn đọc sẽ từng chút từng chút tìm thấy những giá trị để áp dụng cho cuộc sống của chính mình.', 11, 1, 'Sách Mới', 0, 0),
(198, 'Suy Nghĩ Vẩn Vơ Của Kẻ Nhàn Rỗi - Phần 2', 'suy_nghi_van_vo_cua_ke_nhan_roi_phan_2.jpg', '1.suy_nghi_van_vo_cua_ke_nhan_roi_phan_2.jpg', 61, '2017-04-25', 'Văn Học', 'Văn Việt', 'Bìa Mềm', '13x20.5 cm', 360, 328, 15, 82000, 'Cuộc đời là để sống, không phải để lần hồi qua ngày, để đương đầu đối mặt, không phải nhận chỉ dẫn từ người khác.\r\n \r\nCuộc đời không phải một ván cờ, mà chiến thắng thuộc về kẻ nào khôn ngoan nhất, nó là một ván bài đòi hỏi con người ta cần phải tận dụng khéo léo từng quân bài mình có trong tay.\r\n \r\nCuốn tản văn Suy nghĩ vẩn vơ của kẻ nhàn rỗi phần 2 với những chia sẻ giản dị mà sâu sắc, bạn đọc sẽ từng chút từng chút tìm thấy những giá trị để áp dụng cho cuộc sống của chính mình.', 12, 1, 'Sách Mới', 0, 0),
(199, 'Suy Nghĩ Vẩn Vơ Của Kẻ Nhàn Rỗi - Phần 2', 'suy_nghi_van_vo_cua_ke_nhan_roi_phan_2.jpg', '1.suy_nghi_van_vo_cua_ke_nhan_roi_phan_2.jpg', 61, '2017-04-25', 'Văn Học', 'Văn Việt', 'Bìa Mềm', '13x20.5 cm', 360, 328, 15, 82000, 'Cuộc đời là để sống, không phải để lần hồi qua ngày, để đương đầu đối mặt, không phải nhận chỉ dẫn từ người khác.\r\n \r\nCuộc đời không phải một ván cờ, mà chiến thắng thuộc về kẻ nào khôn ngoan nhất, nó là một ván bài đòi hỏi con người ta cần phải tận dụng khéo léo từng quân bài mình có trong tay.\r\n \r\nCuốn tản văn Suy nghĩ vẩn vơ của kẻ nhàn rỗi phần 2 với những chia sẻ giản dị mà sâu sắc, bạn đọc sẽ từng chút từng chút tìm thấy những giá trị để áp dụng cho cuộc sống của chính mình.', 13, 1, 'Sách Mới', 0, 0),
(200, 'Suy Nghĩ Vẩn Vơ Của Kẻ Nhàn Rỗi - Phần 2', 'suy_nghi_van_vo_cua_ke_nhan_roi_phan_2.jpg', '1.suy_nghi_van_vo_cua_ke_nhan_roi_phan_2.jpg', 61, '2017-04-25', 'Văn Học', 'Văn Việt', 'Bìa Mềm', '13x20.5 cm', 360, 328, 15, 82000, 'Cuộc đời là để sống, không phải để lần hồi qua ngày, để đương đầu đối mặt, không phải nhận chỉ dẫn từ người khác.\r\n \r\nCuộc đời không phải một ván cờ, mà chiến thắng thuộc về kẻ nào khôn ngoan nhất, nó là một ván bài đòi hỏi con người ta cần phải tận dụng khéo léo từng quân bài mình có trong tay.\r\n \r\nCuốn tản văn Suy nghĩ vẩn vơ của kẻ nhàn rỗi phần 2 với những chia sẻ giản dị mà sâu sắc, bạn đọc sẽ từng chút từng chút tìm thấy những giá trị để áp dụng cho cuộc sống của chính mình.', 14, 1, 'Sách Mới', 0, 0),
(201, 'Suy Nghĩ Vẩn Vơ Của Kẻ Nhàn Rỗi - Phần 2', 'suy_nghi_van_vo_cua_ke_nhan_roi_phan_2.jpg', '1.suy_nghi_van_vo_cua_ke_nhan_roi_phan_2.jpg', 61, '2017-04-25', 'Văn Học', 'Văn Việt', 'Bìa Mềm', '13x20.5 cm', 360, 328, 15, 82000, 'Cuộc đời là để sống, không phải để lần hồi qua ngày, để đương đầu đối mặt, không phải nhận chỉ dẫn từ người khác.\r\n \r\nCuộc đời không phải một ván cờ, mà chiến thắng thuộc về kẻ nào khôn ngoan nhất, nó là một ván bài đòi hỏi con người ta cần phải tận dụng khéo léo từng quân bài mình có trong tay.\r\n \r\nCuốn tản văn Suy nghĩ vẩn vơ của kẻ nhàn rỗi phần 2 với những chia sẻ giản dị mà sâu sắc, bạn đọc sẽ từng chút từng chút tìm thấy những giá trị để áp dụng cho cuộc sống của chính mình.', 15, 1, 'Sách Mới', 0, 0),
(202, 'Suy Nghĩ Vẩn Vơ Của Kẻ Nhàn Rỗi - Phần 2', 'suy_nghi_van_vo_cua_ke_nhan_roi_phan_2.jpg', '1.suy_nghi_van_vo_cua_ke_nhan_roi_phan_2.jpg', 61, '2017-04-25', 'Văn Học', 'Văn Việt', 'Bìa Mềm', '13x20.5 cm', 360, 328, 15, 82000, 'Cuộc đời là để sống, không phải để lần hồi qua ngày, để đương đầu đối mặt, không phải nhận chỉ dẫn từ người khác.\r\n \r\nCuộc đời không phải một ván cờ, mà chiến thắng thuộc về kẻ nào khôn ngoan nhất, nó là một ván bài đòi hỏi con người ta cần phải tận dụng khéo léo từng quân bài mình có trong tay.\r\n \r\nCuốn tản văn Suy nghĩ vẩn vơ của kẻ nhàn rỗi phần 2 với những chia sẻ giản dị mà sâu sắc, bạn đọc sẽ từng chút từng chút tìm thấy những giá trị để áp dụng cho cuộc sống của chính mình.', 16, 1, 'Sách Mới', 0, 0),
(203, 'Suy Nghĩ Vẩn Vơ Của Kẻ Nhàn Rỗi - Phần 2', 'suy_nghi_van_vo_cua_ke_nhan_roi_phan_2.jpg', '1.suy_nghi_van_vo_cua_ke_nhan_roi_phan_2.jpg', 61, '2017-04-25', 'Văn Học', 'Văn Việt', 'Bìa Mềm', '13x20.5 cm', 360, 328, 15, 82000, 'Cuộc đời là để sống, không phải để lần hồi qua ngày, để đương đầu đối mặt, không phải nhận chỉ dẫn từ người khác.\r\n \r\nCuộc đời không phải một ván cờ, mà chiến thắng thuộc về kẻ nào khôn ngoan nhất, nó là một ván bài đòi hỏi con người ta cần phải tận dụng khéo léo từng quân bài mình có trong tay.\r\n \r\nCuốn tản văn Suy nghĩ vẩn vơ của kẻ nhàn rỗi phần 2 với những chia sẻ giản dị mà sâu sắc, bạn đọc sẽ từng chút từng chút tìm thấy những giá trị để áp dụng cho cuộc sống của chính mình.', 17, 1, 'Sách Mới', 0, 0),
(204, 'Suy Nghĩ Vẩn Vơ Của Kẻ Nhàn Rỗi - Phần 2', 'suy_nghi_van_vo_cua_ke_nhan_roi_phan_2.jpg', '1.suy_nghi_van_vo_cua_ke_nhan_roi_phan_2.jpg', 61, '2017-04-25', 'Văn Học', 'Văn Việt', 'Bìa Mềm', '13x20.5 cm', 360, 328, 15, 82000, 'Cuộc đời là để sống, không phải để lần hồi qua ngày, để đương đầu đối mặt, không phải nhận chỉ dẫn từ người khác.\r\n \r\nCuộc đời không phải một ván cờ, mà chiến thắng thuộc về kẻ nào khôn ngoan nhất, nó là một ván bài đòi hỏi con người ta cần phải tận dụng khéo léo từng quân bài mình có trong tay.\r\n \r\nCuốn tản văn Suy nghĩ vẩn vơ của kẻ nhàn rỗi phần 2 với những chia sẻ giản dị mà sâu sắc, bạn đọc sẽ từng chút từng chút tìm thấy những giá trị để áp dụng cho cuộc sống của chính mình.', 18, 1, 'Sách Mới', 0, 0),
(205, 'Suy Nghĩ Vẩn Vơ Của Kẻ Nhàn Rỗi - Phần 2', 'suy_nghi_van_vo_cua_ke_nhan_roi_phan_2.jpg', '1.suy_nghi_van_vo_cua_ke_nhan_roi_phan_2.jpg', 61, '2017-04-25', 'Văn Học', 'Văn Việt', 'Bìa Mềm', '13x20.5 cm', 360, 328, 15, 82000, 'Cuộc đời là để sống, không phải để lần hồi qua ngày, để đương đầu đối mặt, không phải nhận chỉ dẫn từ người khác.\r\n \r\nCuộc đời không phải một ván cờ, mà chiến thắng thuộc về kẻ nào khôn ngoan nhất, nó là một ván bài đòi hỏi con người ta cần phải tận dụng khéo léo từng quân bài mình có trong tay.\r\n \r\nCuốn tản văn Suy nghĩ vẩn vơ của kẻ nhàn rỗi phần 2 với những chia sẻ giản dị mà sâu sắc, bạn đọc sẽ từng chút từng chút tìm thấy những giá trị để áp dụng cho cuộc sống của chính mình.', 19, 1, 'Sách Mới', 0, 0),
(206, 'Suy Nghĩ Vẩn Vơ Của Kẻ Nhàn Rỗi - Phần 2', 'suy_nghi_van_vo_cua_ke_nhan_roi_phan_2.jpg', '1.suy_nghi_van_vo_cua_ke_nhan_roi_phan_2.jpg', 61, '2017-04-25', 'Văn Học', 'Văn Việt', 'Bìa Mềm', '13x20.5 cm', 360, 328, 15, 82000, 'Cuộc đời là để sống, không phải để lần hồi qua ngày, để đương đầu đối mặt, không phải nhận chỉ dẫn từ người khác.\r\n \r\nCuộc đời không phải một ván cờ, mà chiến thắng thuộc về kẻ nào khôn ngoan nhất, nó là một ván bài đòi hỏi con người ta cần phải tận dụng khéo léo từng quân bài mình có trong tay.\r\n \r\nCuốn tản văn Suy nghĩ vẩn vơ của kẻ nhàn rỗi phần 2 với những chia sẻ giản dị mà sâu sắc, bạn đọc sẽ từng chút từng chút tìm thấy những giá trị để áp dụng cho cuộc sống của chính mình.', 20, 1, 'Sách Mới', 0, 0);
INSERT INTO `book` (`idbook`, `name`, `imgdetail`, `imgbg`, `idauthor`, `ngayxb`, `nhaxb`, `nhaph`, `dangbia`, `size`, `weight`, `totalpages`, `saleoff`, `price`, `info`, `idtype`, `highlights`, `status`, `sold`, `checkDelete`) VALUES
(207, 'Suy Nghĩ Vẩn Vơ Của Kẻ Nhàn Rỗi - Phần 2', 'suy_nghi_van_vo_cua_ke_nhan_roi_phan_2.jpg', '1.suy_nghi_van_vo_cua_ke_nhan_roi_phan_2.jpg', 61, '2017-04-25', 'Văn Học', 'Văn Việt', 'Bìa Mềm', '13x20.5 cm', 360, 328, 15, 82000, 'Cuộc đời là để sống, không phải để lần hồi qua ngày, để đương đầu đối mặt, không phải nhận chỉ dẫn từ người khác.\r\n \r\nCuộc đời không phải một ván cờ, mà chiến thắng thuộc về kẻ nào khôn ngoan nhất, nó là một ván bài đòi hỏi con người ta cần phải tận dụng khéo léo từng quân bài mình có trong tay.\r\n \r\nCuốn tản văn Suy nghĩ vẩn vơ của kẻ nhàn rỗi phần 2 với những chia sẻ giản dị mà sâu sắc, bạn đọc sẽ từng chút từng chút tìm thấy những giá trị để áp dụng cho cuộc sống của chính mình.', 21, 1, 'Sách Mới', 0, 0),
(208, 'Suy Nghĩ Vẩn Vơ Của Kẻ Nhàn Rỗi - Phần 2', 'suy_nghi_van_vo_cua_ke_nhan_roi_phan_2.jpg', '1.suy_nghi_van_vo_cua_ke_nhan_roi_phan_2.jpg', 61, '2017-04-25', 'Văn Học', 'Văn Việt', 'Bìa Mềm', '13x20.5 cm', 360, 328, 15, 82000, 'Cuộc đời là để sống, không phải để lần hồi qua ngày, để đương đầu đối mặt, không phải nhận chỉ dẫn từ người khác.\r\n \r\nCuộc đời không phải một ván cờ, mà chiến thắng thuộc về kẻ nào khôn ngoan nhất, nó là một ván bài đòi hỏi con người ta cần phải tận dụng khéo léo từng quân bài mình có trong tay.\r\n \r\nCuốn tản văn Suy nghĩ vẩn vơ của kẻ nhàn rỗi phần 2 với những chia sẻ giản dị mà sâu sắc, bạn đọc sẽ từng chút từng chút tìm thấy những giá trị để áp dụng cho cuộc sống của chính mình.', 22, 1, 'Sách Mới', 0, 0),
(209, 'Suy Nghĩ Vẩn Vơ Của Kẻ Nhàn Rỗi - Phần 2', 'suy_nghi_van_vo_cua_ke_nhan_roi_phan_2.jpg', '1.suy_nghi_van_vo_cua_ke_nhan_roi_phan_2.jpg', 61, '2017-04-25', 'Văn Học', 'Văn Việt', 'Bìa Mềm', '13x20.5 cm', 360, 328, 15, 82000, 'Cuộc đời là để sống, không phải để lần hồi qua ngày, để đương đầu đối mặt, không phải nhận chỉ dẫn từ người khác.\r\n \r\nCuộc đời không phải một ván cờ, mà chiến thắng thuộc về kẻ nào khôn ngoan nhất, nó là một ván bài đòi hỏi con người ta cần phải tận dụng khéo léo từng quân bài mình có trong tay.\r\n \r\nCuốn tản văn Suy nghĩ vẩn vơ của kẻ nhàn rỗi phần 2 với những chia sẻ giản dị mà sâu sắc, bạn đọc sẽ từng chút từng chút tìm thấy những giá trị để áp dụng cho cuộc sống của chính mình.', 23, 1, 'Sách Mới', 0, 0),
(210, 'Suy Nghĩ Vẩn Vơ Của Kẻ Nhàn Rỗi - Phần 2', 'suy_nghi_van_vo_cua_ke_nhan_roi_phan_2.jpg', '1.suy_nghi_van_vo_cua_ke_nhan_roi_phan_2.jpg', 61, '2017-04-25', 'Văn Học', 'Văn Việt', 'Bìa Mềm', '13x20.5 cm', 360, 328, 15, 82000, 'Cuộc đời là để sống, không phải để lần hồi qua ngày, để đương đầu đối mặt, không phải nhận chỉ dẫn từ người khác.\r\n \r\nCuộc đời không phải một ván cờ, mà chiến thắng thuộc về kẻ nào khôn ngoan nhất, nó là một ván bài đòi hỏi con người ta cần phải tận dụng khéo léo từng quân bài mình có trong tay.\r\n \r\nCuốn tản văn Suy nghĩ vẩn vơ của kẻ nhàn rỗi phần 2 với những chia sẻ giản dị mà sâu sắc, bạn đọc sẽ từng chút từng chút tìm thấy những giá trị để áp dụng cho cuộc sống của chính mình.', 24, 1, 'Sách Mới', 0, 0),
(211, 'Suy Nghĩ Vẩn Vơ Của Kẻ Nhàn Rỗi - Phần 2', 'suy_nghi_van_vo_cua_ke_nhan_roi_phan_2.jpg', '1.suy_nghi_van_vo_cua_ke_nhan_roi_phan_2.jpg', 61, '2017-04-25', 'Văn Học', 'Văn Việt', 'Bìa Mềm', '13x20.5 cm', 360, 328, 15, 82000, 'Cuộc đời là để sống, không phải để lần hồi qua ngày, để đương đầu đối mặt, không phải nhận chỉ dẫn từ người khác.\r\n \r\nCuộc đời không phải một ván cờ, mà chiến thắng thuộc về kẻ nào khôn ngoan nhất, nó là một ván bài đòi hỏi con người ta cần phải tận dụng khéo léo từng quân bài mình có trong tay.\r\n \r\nCuốn tản văn Suy nghĩ vẩn vơ của kẻ nhàn rỗi phần 2 với những chia sẻ giản dị mà sâu sắc, bạn đọc sẽ từng chút từng chút tìm thấy những giá trị để áp dụng cho cuộc sống của chính mình.', 25, 1, 'Sách Mới', 0, 0),
(212, 'Suy Nghĩ Vẩn Vơ Của Kẻ Nhàn Rỗi - Phần 2', 'suy_nghi_van_vo_cua_ke_nhan_roi_phan_2.jpg', '1.suy_nghi_van_vo_cua_ke_nhan_roi_phan_2.jpg', 61, '2017-04-25', 'Văn Học', 'Văn Việt', 'Bìa Mềm', '13x20.5 cm', 360, 328, 15, 82000, 'Cuộc đời là để sống, không phải để lần hồi qua ngày, để đương đầu đối mặt, không phải nhận chỉ dẫn từ người khác.\r\n \r\nCuộc đời không phải một ván cờ, mà chiến thắng thuộc về kẻ nào khôn ngoan nhất, nó là một ván bài đòi hỏi con người ta cần phải tận dụng khéo léo từng quân bài mình có trong tay.\r\n \r\nCuốn tản văn Suy nghĩ vẩn vơ của kẻ nhàn rỗi phần 2 với những chia sẻ giản dị mà sâu sắc, bạn đọc sẽ từng chút từng chút tìm thấy những giá trị để áp dụng cho cuộc sống của chính mình.', 26, 1, 'Sách Mới', 0, 0),
(213, 'Suy Nghĩ Vẩn Vơ Của Kẻ Nhàn Rỗi - Phần 2', 'suy_nghi_van_vo_cua_ke_nhan_roi_phan_2.jpg', '1.suy_nghi_van_vo_cua_ke_nhan_roi_phan_2.jpg', 61, '2017-04-25', 'Văn Học', 'Văn Việt', 'Bìa Mềm', '13x20.5 cm', 360, 328, 15, 82000, 'Cuộc đời là để sống, không phải để lần hồi qua ngày, để đương đầu đối mặt, không phải nhận chỉ dẫn từ người khác.\r\n \r\nCuộc đời không phải một ván cờ, mà chiến thắng thuộc về kẻ nào khôn ngoan nhất, nó là một ván bài đòi hỏi con người ta cần phải tận dụng khéo léo từng quân bài mình có trong tay.\r\n \r\nCuốn tản văn Suy nghĩ vẩn vơ của kẻ nhàn rỗi phần 2 với những chia sẻ giản dị mà sâu sắc, bạn đọc sẽ từng chút từng chút tìm thấy những giá trị để áp dụng cho cuộc sống của chính mình.', 27, 1, 'Sách Mới', 0, 0),
(214, 'Suy Nghĩ Vẩn Vơ Của Kẻ Nhàn Rỗi - Phần 2', 'suy_nghi_van_vo_cua_ke_nhan_roi_phan_2.jpg', '1.suy_nghi_van_vo_cua_ke_nhan_roi_phan_2.jpg', 61, '2017-04-25', 'Văn Học', 'Văn Việt', 'Bìa Mềm', '13x20.5 cm', 360, 328, 15, 82000, 'Cuộc đời là để sống, không phải để lần hồi qua ngày, để đương đầu đối mặt, không phải nhận chỉ dẫn từ người khác.\r\n \r\nCuộc đời không phải một ván cờ, mà chiến thắng thuộc về kẻ nào khôn ngoan nhất, nó là một ván bài đòi hỏi con người ta cần phải tận dụng khéo léo từng quân bài mình có trong tay.\r\n \r\nCuốn tản văn Suy nghĩ vẩn vơ của kẻ nhàn rỗi phần 2 với những chia sẻ giản dị mà sâu sắc, bạn đọc sẽ từng chút từng chút tìm thấy những giá trị để áp dụng cho cuộc sống của chính mình.', 28, 1, 'Sách Mới', 0, 0),
(215, 'Suy Nghĩ Vẩn Vơ Của Kẻ Nhàn Rỗi - Phần 2', 'suy_nghi_van_vo_cua_ke_nhan_roi_phan_2.jpg', '1.suy_nghi_van_vo_cua_ke_nhan_roi_phan_2.jpg', 61, '2017-04-25', 'Văn Học', 'Văn Việt', 'Bìa Mềm', '13x20.5 cm', 360, 328, 15, 82000, 'Cuộc đời là để sống, không phải để lần hồi qua ngày, để đương đầu đối mặt, không phải nhận chỉ dẫn từ người khác.\r\n \r\nCuộc đời không phải một ván cờ, mà chiến thắng thuộc về kẻ nào khôn ngoan nhất, nó là một ván bài đòi hỏi con người ta cần phải tận dụng khéo léo từng quân bài mình có trong tay.\r\n \r\nCuốn tản văn Suy nghĩ vẩn vơ của kẻ nhàn rỗi phần 2 với những chia sẻ giản dị mà sâu sắc, bạn đọc sẽ từng chút từng chút tìm thấy những giá trị để áp dụng cho cuộc sống của chính mình.', 29, 1, 'Sách Mới', 0, 0),
(216, 'Suy Nghĩ Vẩn Vơ Của Kẻ Nhàn Rỗi - Phần 2', 'suy_nghi_van_vo_cua_ke_nhan_roi_phan_2.jpg', '1.suy_nghi_van_vo_cua_ke_nhan_roi_phan_2.jpg', 61, '2017-04-25', 'Văn Học', 'Văn Việt', 'Bìa Mềm', '13x20.5 cm', 360, 328, 15, 82000, 'Cuộc đời là để sống, không phải để lần hồi qua ngày, để đương đầu đối mặt, không phải nhận chỉ dẫn từ người khác.\r\n \r\nCuộc đời không phải một ván cờ, mà chiến thắng thuộc về kẻ nào khôn ngoan nhất, nó là một ván bài đòi hỏi con người ta cần phải tận dụng khéo léo từng quân bài mình có trong tay.\r\n \r\nCuốn tản văn Suy nghĩ vẩn vơ của kẻ nhàn rỗi phần 2 với những chia sẻ giản dị mà sâu sắc, bạn đọc sẽ từng chút từng chút tìm thấy những giá trị để áp dụng cho cuộc sống của chính mình.', 30, 1, 'Sách Mới', 0, 0),
(217, 'Suy Nghĩ Vẩn Vơ Của Kẻ Nhàn Rỗi - Phần 2', 'suy_nghi_van_vo_cua_ke_nhan_roi_phan_2.jpg', '1.suy_nghi_van_vo_cua_ke_nhan_roi_phan_2.jpg', 61, '2017-04-25', 'Văn Học', 'Văn Việt', 'Bìa Mềm', '13x20.5 cm', 360, 328, 15, 82000, 'Cuộc đời là để sống, không phải để lần hồi qua ngày, để đương đầu đối mặt, không phải nhận chỉ dẫn từ người khác.\r\n \r\nCuộc đời không phải một ván cờ, mà chiến thắng thuộc về kẻ nào khôn ngoan nhất, nó là một ván bài đòi hỏi con người ta cần phải tận dụng khéo léo từng quân bài mình có trong tay.\r\n \r\nCuốn tản văn Suy nghĩ vẩn vơ của kẻ nhàn rỗi phần 2 với những chia sẻ giản dị mà sâu sắc, bạn đọc sẽ từng chút từng chút tìm thấy những giá trị để áp dụng cho cuộc sống của chính mình.', 31, 1, 'Sách Mới', 0, 0),
(218, 'Suy Nghĩ Vẩn Vơ Của Kẻ Nhàn Rỗi - Phần 2', 'suy_nghi_van_vo_cua_ke_nhan_roi_phan_2.jpg', '1.suy_nghi_van_vo_cua_ke_nhan_roi_phan_2.jpg', 61, '2017-04-25', 'Văn Học', 'Văn Việt', 'Bìa Mềm', '13x20.5 cm', 360, 328, 15, 82000, 'Cuộc đời là để sống, không phải để lần hồi qua ngày, để đương đầu đối mặt, không phải nhận chỉ dẫn từ người khác.\r\n \r\nCuộc đời không phải một ván cờ, mà chiến thắng thuộc về kẻ nào khôn ngoan nhất, nó là một ván bài đòi hỏi con người ta cần phải tận dụng khéo léo từng quân bài mình có trong tay.\r\n \r\nCuốn tản văn Suy nghĩ vẩn vơ của kẻ nhàn rỗi phần 2 với những chia sẻ giản dị mà sâu sắc, bạn đọc sẽ từng chút từng chút tìm thấy những giá trị để áp dụng cho cuộc sống của chính mình.', 32, 1, 'Sách Mới', 0, 0),
(219, 'Suy Nghĩ Vẩn Vơ Của Kẻ Nhàn Rỗi - Phần 2', 'suy_nghi_van_vo_cua_ke_nhan_roi_phan_2.jpg', '1.suy_nghi_van_vo_cua_ke_nhan_roi_phan_2.jpg', 61, '2017-04-25', 'Văn Học', 'Văn Việt', 'Bìa Mềm', '13x20.5 cm', 360, 328, 15, 82000, 'Cuộc đời là để sống, không phải để lần hồi qua ngày, để đương đầu đối mặt, không phải nhận chỉ dẫn từ người khác.\r\n \r\nCuộc đời không phải một ván cờ, mà chiến thắng thuộc về kẻ nào khôn ngoan nhất, nó là một ván bài đòi hỏi con người ta cần phải tận dụng khéo léo từng quân bài mình có trong tay.\r\n \r\nCuốn tản văn Suy nghĩ vẩn vơ của kẻ nhàn rỗi phần 2 với những chia sẻ giản dị mà sâu sắc, bạn đọc sẽ từng chút từng chút tìm thấy những giá trị để áp dụng cho cuộc sống của chính mình.', 33, 1, 'Sách Mới', 0, 0),
(220, 'Suy Nghĩ Vẩn Vơ Của Kẻ Nhàn Rỗi - Phần 2', 'suy_nghi_van_vo_cua_ke_nhan_roi_phan_2.jpg', '1.suy_nghi_van_vo_cua_ke_nhan_roi_phan_2.jpg', 61, '2017-04-25', 'Văn Học', 'Văn Việt', 'Bìa Mềm', '13x20.5 cm', 360, 328, 15, 82000, 'Cuộc đời là để sống, không phải để lần hồi qua ngày, để đương đầu đối mặt, không phải nhận chỉ dẫn từ người khác.\r\n \r\nCuộc đời không phải một ván cờ, mà chiến thắng thuộc về kẻ nào khôn ngoan nhất, nó là một ván bài đòi hỏi con người ta cần phải tận dụng khéo léo từng quân bài mình có trong tay.\r\n \r\nCuốn tản văn Suy nghĩ vẩn vơ của kẻ nhàn rỗi phần 2 với những chia sẻ giản dị mà sâu sắc, bạn đọc sẽ từng chút từng chút tìm thấy những giá trị để áp dụng cho cuộc sống của chính mình.', 34, 1, 'Sách Mới', 0, 0),
(221, 'Suy Nghĩ Vẩn Vơ Của Kẻ Nhàn Rỗi - Phần 2', 'suy_nghi_van_vo_cua_ke_nhan_roi_phan_2.jpg', '1.suy_nghi_van_vo_cua_ke_nhan_roi_phan_2.jpg', 61, '2017-04-25', 'Văn Học', 'Văn Việt', 'Bìa Mềm', '13x20.5 cm', 360, 328, 15, 82000, 'Cuộc đời là để sống, không phải để lần hồi qua ngày, để đương đầu đối mặt, không phải nhận chỉ dẫn từ người khác.\r\n \r\nCuộc đời không phải một ván cờ, mà chiến thắng thuộc về kẻ nào khôn ngoan nhất, nó là một ván bài đòi hỏi con người ta cần phải tận dụng khéo léo từng quân bài mình có trong tay.\r\n \r\nCuốn tản văn Suy nghĩ vẩn vơ của kẻ nhàn rỗi phần 2 với những chia sẻ giản dị mà sâu sắc, bạn đọc sẽ từng chút từng chút tìm thấy những giá trị để áp dụng cho cuộc sống của chính mình.', 35, 1, 'Sách Mới', 0, 0),
(222, 'Suy Nghĩ Vẩn Vơ Của Kẻ Nhàn Rỗi - Phần 2', 'suy_nghi_van_vo_cua_ke_nhan_roi_phan_2.jpg', '1.suy_nghi_van_vo_cua_ke_nhan_roi_phan_2.jpg', 61, '2017-04-25', 'Văn Học', 'Văn Việt', 'Bìa Mềm', '13x20.5 cm', 360, 328, 15, 82000, 'Cuộc đời là để sống, không phải để lần hồi qua ngày, để đương đầu đối mặt, không phải nhận chỉ dẫn từ người khác.\r\n \r\nCuộc đời không phải một ván cờ, mà chiến thắng thuộc về kẻ nào khôn ngoan nhất, nó là một ván bài đòi hỏi con người ta cần phải tận dụng khéo léo từng quân bài mình có trong tay.\r\n \r\nCuốn tản văn Suy nghĩ vẩn vơ của kẻ nhàn rỗi phần 2 với những chia sẻ giản dị mà sâu sắc, bạn đọc sẽ từng chút từng chút tìm thấy những giá trị để áp dụng cho cuộc sống của chính mình.', 36, 1, 'Sách Mới', 0, 0),
(223, 'Suy Nghĩ Vẩn Vơ Của Kẻ Nhàn Rỗi - Phần 2', 'suy_nghi_van_vo_cua_ke_nhan_roi_phan_2.jpg', '1.suy_nghi_van_vo_cua_ke_nhan_roi_phan_2.jpg', 61, '2017-04-25', 'Văn Học', 'Văn Việt', 'Bìa Mềm', '13x20.5 cm', 360, 328, 15, 82000, 'Cuộc đời là để sống, không phải để lần hồi qua ngày, để đương đầu đối mặt, không phải nhận chỉ dẫn từ người khác.\r\n \r\nCuộc đời không phải một ván cờ, mà chiến thắng thuộc về kẻ nào khôn ngoan nhất, nó là một ván bài đòi hỏi con người ta cần phải tận dụng khéo léo từng quân bài mình có trong tay.\r\n \r\nCuốn tản văn Suy nghĩ vẩn vơ của kẻ nhàn rỗi phần 2 với những chia sẻ giản dị mà sâu sắc, bạn đọc sẽ từng chút từng chút tìm thấy những giá trị để áp dụng cho cuộc sống của chính mình.', 37, 1, 'Sách Mới', 0, 0),
(224, 'Suy Nghĩ Vẩn Vơ Của Kẻ Nhàn Rỗi - Phần 2', 'suy_nghi_van_vo_cua_ke_nhan_roi_phan_2.jpg', '1.suy_nghi_van_vo_cua_ke_nhan_roi_phan_2.jpg', 61, '2017-04-25', 'Văn Học', 'Văn Việt', 'Bìa Mềm', '13x20.5 cm', 360, 328, 15, 82000, 'Cuộc đời là để sống, không phải để lần hồi qua ngày, để đương đầu đối mặt, không phải nhận chỉ dẫn từ người khác.\r\n \r\nCuộc đời không phải một ván cờ, mà chiến thắng thuộc về kẻ nào khôn ngoan nhất, nó là một ván bài đòi hỏi con người ta cần phải tận dụng khéo léo từng quân bài mình có trong tay.\r\n \r\nCuốn tản văn Suy nghĩ vẩn vơ của kẻ nhàn rỗi phần 2 với những chia sẻ giản dị mà sâu sắc, bạn đọc sẽ từng chút từng chút tìm thấy những giá trị để áp dụng cho cuộc sống của chính mình.', 38, 1, 'Sách Mới', 0, 0),
(225, 'Suy Nghĩ Vẩn Vơ Của Kẻ Nhàn Rỗi - Phần 2', 'suy_nghi_van_vo_cua_ke_nhan_roi_phan_2.jpg', '1.suy_nghi_van_vo_cua_ke_nhan_roi_phan_2.jpg', 61, '2017-04-25', 'Văn Học', 'Văn Việt', 'Bìa Mềm', '13x20.5 cm', 360, 328, 15, 82000, 'Cuộc đời là để sống, không phải để lần hồi qua ngày, để đương đầu đối mặt, không phải nhận chỉ dẫn từ người khác.\r\n \r\nCuộc đời không phải một ván cờ, mà chiến thắng thuộc về kẻ nào khôn ngoan nhất, nó là một ván bài đòi hỏi con người ta cần phải tận dụng khéo léo từng quân bài mình có trong tay.\r\n \r\nCuốn tản văn Suy nghĩ vẩn vơ của kẻ nhàn rỗi phần 2 với những chia sẻ giản dị mà sâu sắc, bạn đọc sẽ từng chút từng chút tìm thấy những giá trị để áp dụng cho cuộc sống của chính mình.', 39, 1, 'Sách Mới', 0, 0),
(226, 'Suy Nghĩ Vẩn Vơ Của Kẻ Nhàn Rỗi - Phần 2', 'suy_nghi_van_vo_cua_ke_nhan_roi_phan_2.jpg', '1.suy_nghi_van_vo_cua_ke_nhan_roi_phan_2.jpg', 61, '2017-04-25', 'Văn Học', 'Văn Việt', 'Bìa Mềm', '13x20.5 cm', 360, 328, 15, 82000, 'Cuộc đời là để sống, không phải để lần hồi qua ngày, để đương đầu đối mặt, không phải nhận chỉ dẫn từ người khác.\r\n \r\nCuộc đời không phải một ván cờ, mà chiến thắng thuộc về kẻ nào khôn ngoan nhất, nó là một ván bài đòi hỏi con người ta cần phải tận dụng khéo léo từng quân bài mình có trong tay.\r\n \r\nCuốn tản văn Suy nghĩ vẩn vơ của kẻ nhàn rỗi phần 2 với những chia sẻ giản dị mà sâu sắc, bạn đọc sẽ từng chút từng chút tìm thấy những giá trị để áp dụng cho cuộc sống của chính mình.', 40, 1, 'Sách Mới', 0, 0),
(227, 'Suy Nghĩ Vẩn Vơ Của Kẻ Nhàn Rỗi - Phần 2', 'suy_nghi_van_vo_cua_ke_nhan_roi_phan_2.jpg', '1.suy_nghi_van_vo_cua_ke_nhan_roi_phan_2.jpg', 61, '2017-04-25', 'Văn Học', 'Văn Việt', 'Bìa Mềm', '13x20.5 cm', 360, 328, 15, 82000, 'Cuộc đời là để sống, không phải để lần hồi qua ngày, để đương đầu đối mặt, không phải nhận chỉ dẫn từ người khác.\r\n \r\nCuộc đời không phải một ván cờ, mà chiến thắng thuộc về kẻ nào khôn ngoan nhất, nó là một ván bài đòi hỏi con người ta cần phải tận dụng khéo léo từng quân bài mình có trong tay.\r\n \r\nCuốn tản văn Suy nghĩ vẩn vơ của kẻ nhàn rỗi phần 2 với những chia sẻ giản dị mà sâu sắc, bạn đọc sẽ từng chút từng chút tìm thấy những giá trị để áp dụng cho cuộc sống của chính mình.', 41, 1, 'Sách Mới', 0, 0),
(228, 'Suy Nghĩ Vẩn Vơ Của Kẻ Nhàn Rỗi - Phần 2', 'suy_nghi_van_vo_cua_ke_nhan_roi_phan_2.jpg', '1.suy_nghi_van_vo_cua_ke_nhan_roi_phan_2.jpg', 61, '2017-04-25', 'Văn Học', 'Văn Việt', 'Bìa Mềm', '13x20.5 cm', 360, 328, 15, 82000, 'Cuộc đời là để sống, không phải để lần hồi qua ngày, để đương đầu đối mặt, không phải nhận chỉ dẫn từ người khác.\r\n \r\nCuộc đời không phải một ván cờ, mà chiến thắng thuộc về kẻ nào khôn ngoan nhất, nó là một ván bài đòi hỏi con người ta cần phải tận dụng khéo léo từng quân bài mình có trong tay.\r\n \r\nCuốn tản văn Suy nghĩ vẩn vơ của kẻ nhàn rỗi phần 2 với những chia sẻ giản dị mà sâu sắc, bạn đọc sẽ từng chút từng chút tìm thấy những giá trị để áp dụng cho cuộc sống của chính mình.', 42, 1, 'Sách Mới', 0, 0),
(229, 'Suy Nghĩ Vẩn Vơ Của Kẻ Nhàn Rỗi - Phần 2', 'suy_nghi_van_vo_cua_ke_nhan_roi_phan_2.jpg', '1.suy_nghi_van_vo_cua_ke_nhan_roi_phan_2.jpg', 61, '2017-04-25', 'Văn Học', 'Văn Việt', 'Bìa Mềm', '13x20.5 cm', 360, 328, 15, 82000, 'Cuộc đời là để sống, không phải để lần hồi qua ngày, để đương đầu đối mặt, không phải nhận chỉ dẫn từ người khác.\r\n \r\nCuộc đời không phải một ván cờ, mà chiến thắng thuộc về kẻ nào khôn ngoan nhất, nó là một ván bài đòi hỏi con người ta cần phải tận dụng khéo léo từng quân bài mình có trong tay.\r\n \r\nCuốn tản văn Suy nghĩ vẩn vơ của kẻ nhàn rỗi phần 2 với những chia sẻ giản dị mà sâu sắc, bạn đọc sẽ từng chút từng chút tìm thấy những giá trị để áp dụng cho cuộc sống của chính mình.', 43, 1, 'Sách Mới', 0, 0),
(230, 'Suy Nghĩ Vẩn Vơ Của Kẻ Nhàn Rỗi - Phần 2', 'suy_nghi_van_vo_cua_ke_nhan_roi_phan_2.jpg', '1.suy_nghi_van_vo_cua_ke_nhan_roi_phan_2.jpg', 61, '2017-04-25', 'Văn Học', 'Văn Việt', 'Bìa Mềm', '13x20.5 cm', 360, 328, 15, 82000, 'Cuộc đời là để sống, không phải để lần hồi qua ngày, để đương đầu đối mặt, không phải nhận chỉ dẫn từ người khác.\r\n \r\nCuộc đời không phải một ván cờ, mà chiến thắng thuộc về kẻ nào khôn ngoan nhất, nó là một ván bài đòi hỏi con người ta cần phải tận dụng khéo léo từng quân bài mình có trong tay.\r\n \r\nCuốn tản văn Suy nghĩ vẩn vơ của kẻ nhàn rỗi phần 2 với những chia sẻ giản dị mà sâu sắc, bạn đọc sẽ từng chút từng chút tìm thấy những giá trị để áp dụng cho cuộc sống của chính mình.', 44, 1, 'Sách Mới', 0, 0),
(231, 'Suy Nghĩ Vẩn Vơ Của Kẻ Nhàn Rỗi - Phần 2', 'suy_nghi_van_vo_cua_ke_nhan_roi_phan_2.jpg', '1.suy_nghi_van_vo_cua_ke_nhan_roi_phan_2.jpg', 61, '2017-04-25', 'Văn Học', 'Văn Việt', 'Bìa Mềm', '13x20.5 cm', 360, 328, 15, 82000, 'Cuộc đời là để sống, không phải để lần hồi qua ngày, để đương đầu đối mặt, không phải nhận chỉ dẫn từ người khác.\r\n \r\nCuộc đời không phải một ván cờ, mà chiến thắng thuộc về kẻ nào khôn ngoan nhất, nó là một ván bài đòi hỏi con người ta cần phải tận dụng khéo léo từng quân bài mình có trong tay.\r\n \r\nCuốn tản văn Suy nghĩ vẩn vơ của kẻ nhàn rỗi phần 2 với những chia sẻ giản dị mà sâu sắc, bạn đọc sẽ từng chút từng chút tìm thấy những giá trị để áp dụng cho cuộc sống của chính mình.', 45, 1, 'Sách Mới', 0, 0),
(232, 'Suy Nghĩ Vẩn Vơ Của Kẻ Nhàn Rỗi - Phần 2', 'suy_nghi_van_vo_cua_ke_nhan_roi_phan_2.jpg', '1.suy_nghi_van_vo_cua_ke_nhan_roi_phan_2.jpg', 61, '2017-04-25', 'Văn Học', 'Văn Việt', 'Bìa Mềm', '13x20.5 cm', 360, 328, 15, 82000, 'Cuộc đời là để sống, không phải để lần hồi qua ngày, để đương đầu đối mặt, không phải nhận chỉ dẫn từ người khác.\r\n \r\nCuộc đời không phải một ván cờ, mà chiến thắng thuộc về kẻ nào khôn ngoan nhất, nó là một ván bài đòi hỏi con người ta cần phải tận dụng khéo léo từng quân bài mình có trong tay.\r\n \r\nCuốn tản văn Suy nghĩ vẩn vơ của kẻ nhàn rỗi phần 2 với những chia sẻ giản dị mà sâu sắc, bạn đọc sẽ từng chút từng chút tìm thấy những giá trị để áp dụng cho cuộc sống của chính mình.', 46, 1, 'Sách Mới', 0, 0),
(233, 'Suy Nghĩ Vẩn Vơ Của Kẻ Nhàn Rỗi - Phần 2', 'suy_nghi_van_vo_cua_ke_nhan_roi_phan_2.jpg', '1.suy_nghi_van_vo_cua_ke_nhan_roi_phan_2.jpg', 61, '2017-04-25', 'Văn Học', 'Văn Việt', 'Bìa Mềm', '13x20.5 cm', 360, 328, 15, 82000, 'Cuộc đời là để sống, không phải để lần hồi qua ngày, để đương đầu đối mặt, không phải nhận chỉ dẫn từ người khác.\r\n \r\nCuộc đời không phải một ván cờ, mà chiến thắng thuộc về kẻ nào khôn ngoan nhất, nó là một ván bài đòi hỏi con người ta cần phải tận dụng khéo léo từng quân bài mình có trong tay.\r\n \r\nCuốn tản văn Suy nghĩ vẩn vơ của kẻ nhàn rỗi phần 2 với những chia sẻ giản dị mà sâu sắc, bạn đọc sẽ từng chút từng chút tìm thấy những giá trị để áp dụng cho cuộc sống của chính mình.', 47, 1, 'Sách Mới', 0, 0),
(234, 'Suy Nghĩ Vẩn Vơ Của Kẻ Nhàn Rỗi - Phần 2', 'suy_nghi_van_vo_cua_ke_nhan_roi_phan_2.jpg', '1.suy_nghi_van_vo_cua_ke_nhan_roi_phan_2.jpg', 61, '2017-04-25', 'Văn Học', 'Văn Việt', 'Bìa Mềm', '13x20.5 cm', 360, 328, 15, 82000, 'Cuộc đời là để sống, không phải để lần hồi qua ngày, để đương đầu đối mặt, không phải nhận chỉ dẫn từ người khác.\r\n \r\nCuộc đời không phải một ván cờ, mà chiến thắng thuộc về kẻ nào khôn ngoan nhất, nó là một ván bài đòi hỏi con người ta cần phải tận dụng khéo léo từng quân bài mình có trong tay.\r\n \r\nCuốn tản văn Suy nghĩ vẩn vơ của kẻ nhàn rỗi phần 2 với những chia sẻ giản dị mà sâu sắc, bạn đọc sẽ từng chút từng chút tìm thấy những giá trị để áp dụng cho cuộc sống của chính mình.', 48, 1, 'Sách Mới', 0, 0),
(235, 'Suy Nghĩ Vẩn Vơ Của Kẻ Nhàn Rỗi - Phần 2', 'suy_nghi_van_vo_cua_ke_nhan_roi_phan_2.jpg', '1.suy_nghi_van_vo_cua_ke_nhan_roi_phan_2.jpg', 61, '2017-04-25', 'Văn Học', 'Văn Việt', 'Bìa Mềm', '13x20.5 cm', 360, 328, 15, 82000, 'Cuộc đời là để sống, không phải để lần hồi qua ngày, để đương đầu đối mặt, không phải nhận chỉ dẫn từ người khác.\r\n \r\nCuộc đời không phải một ván cờ, mà chiến thắng thuộc về kẻ nào khôn ngoan nhất, nó là một ván bài đòi hỏi con người ta cần phải tận dụng khéo léo từng quân bài mình có trong tay.\r\n \r\nCuốn tản văn Suy nghĩ vẩn vơ của kẻ nhàn rỗi phần 2 với những chia sẻ giản dị mà sâu sắc, bạn đọc sẽ từng chút từng chút tìm thấy những giá trị để áp dụng cho cuộc sống của chính mình.', 49, 1, 'Sách Mới', 0, 0),
(236, 'Suy Nghĩ Vẩn Vơ Của Kẻ Nhàn Rỗi - Phần 2', 'suy_nghi_van_vo_cua_ke_nhan_roi_phan_2.jpg', '1.suy_nghi_van_vo_cua_ke_nhan_roi_phan_2.jpg', 61, '2017-04-25', 'Văn Học', 'Văn Việt', 'Bìa Mềm', '13x20.5 cm', 360, 328, 15, 82000, 'Cuộc đời là để sống, không phải để lần hồi qua ngày, để đương đầu đối mặt, không phải nhận chỉ dẫn từ người khác.\r\n \r\nCuộc đời không phải một ván cờ, mà chiến thắng thuộc về kẻ nào khôn ngoan nhất, nó là một ván bài đòi hỏi con người ta cần phải tận dụng khéo léo từng quân bài mình có trong tay.\r\n \r\nCuốn tản văn Suy nghĩ vẩn vơ của kẻ nhàn rỗi phần 2 với những chia sẻ giản dị mà sâu sắc, bạn đọc sẽ từng chút từng chút tìm thấy những giá trị để áp dụng cho cuộc sống của chính mình.', 50, 1, 'Sách Mới', 0, 0),
(237, 'Suy Nghĩ Vẩn Vơ Của Kẻ Nhàn Rỗi - Phần 2', 'suy_nghi_van_vo_cua_ke_nhan_roi_phan_2.jpg', '1.suy_nghi_van_vo_cua_ke_nhan_roi_phan_2.jpg', 61, '2017-04-25', 'Văn Học', 'Văn Việt', 'Bìa Mềm', '13x20.5 cm', 360, 328, 15, 82000, 'Cuộc đời là để sống, không phải để lần hồi qua ngày, để đương đầu đối mặt, không phải nhận chỉ dẫn từ người khác.\r\n \r\nCuộc đời không phải một ván cờ, mà chiến thắng thuộc về kẻ nào khôn ngoan nhất, nó là một ván bài đòi hỏi con người ta cần phải tận dụng khéo léo từng quân bài mình có trong tay.\r\n \r\nCuốn tản văn Suy nghĩ vẩn vơ của kẻ nhàn rỗi phần 2 với những chia sẻ giản dị mà sâu sắc, bạn đọc sẽ từng chút từng chút tìm thấy những giá trị để áp dụng cho cuộc sống của chính mình.', 51, 1, 'Sách Mới', 0, 0),
(238, 'Suy Nghĩ Vẩn Vơ Của Kẻ Nhàn Rỗi - Phần 2', 'suy_nghi_van_vo_cua_ke_nhan_roi_phan_2.jpg', '1.suy_nghi_van_vo_cua_ke_nhan_roi_phan_2.jpg', 61, '2017-04-25', 'Văn Học', 'Văn Việt', 'Bìa Mềm', '13x20.5 cm', 360, 328, 15, 82000, 'Cuộc đời là để sống, không phải để lần hồi qua ngày, để đương đầu đối mặt, không phải nhận chỉ dẫn từ người khác.\r\n \r\nCuộc đời không phải một ván cờ, mà chiến thắng thuộc về kẻ nào khôn ngoan nhất, nó là một ván bài đòi hỏi con người ta cần phải tận dụng khéo léo từng quân bài mình có trong tay.\r\n \r\nCuốn tản văn Suy nghĩ vẩn vơ của kẻ nhàn rỗi phần 2 với những chia sẻ giản dị mà sâu sắc, bạn đọc sẽ từng chút từng chút tìm thấy những giá trị để áp dụng cho cuộc sống của chính mình.', 52, 1, 'Sách Mới', 0, 0),
(239, 'Suy Nghĩ Vẩn Vơ Của Kẻ Nhàn Rỗi - Phần 2', 'suy_nghi_van_vo_cua_ke_nhan_roi_phan_2.jpg', '1.suy_nghi_van_vo_cua_ke_nhan_roi_phan_2.jpg', 61, '2017-04-25', 'Văn Học', 'Văn Việt', 'Bìa Mềm', '13x20.5 cm', 360, 328, 15, 82000, 'Cuộc đời là để sống, không phải để lần hồi qua ngày, để đương đầu đối mặt, không phải nhận chỉ dẫn từ người khác.\r\n \r\nCuộc đời không phải một ván cờ, mà chiến thắng thuộc về kẻ nào khôn ngoan nhất, nó là một ván bài đòi hỏi con người ta cần phải tận dụng khéo léo từng quân bài mình có trong tay.\r\n \r\nCuốn tản văn Suy nghĩ vẩn vơ của kẻ nhàn rỗi phần 2 với những chia sẻ giản dị mà sâu sắc, bạn đọc sẽ từng chút từng chút tìm thấy những giá trị để áp dụng cho cuộc sống của chính mình.', 53, 1, 'Sách Mới', 0, 0),
(240, 'Suy Nghĩ Vẩn Vơ Của Kẻ Nhàn Rỗi - Phần 2', 'suy_nghi_van_vo_cua_ke_nhan_roi_phan_2.jpg', '1.suy_nghi_van_vo_cua_ke_nhan_roi_phan_2.jpg', 61, '2017-04-25', 'Văn Học', 'Văn Việt', 'Bìa Mềm', '13x20.5 cm', 360, 328, 15, 82000, 'Cuộc đời là để sống, không phải để lần hồi qua ngày, để đương đầu đối mặt, không phải nhận chỉ dẫn từ người khác.\r\n \r\nCuộc đời không phải một ván cờ, mà chiến thắng thuộc về kẻ nào khôn ngoan nhất, nó là một ván bài đòi hỏi con người ta cần phải tận dụng khéo léo từng quân bài mình có trong tay.\r\n \r\nCuốn tản văn Suy nghĩ vẩn vơ của kẻ nhàn rỗi phần 2 với những chia sẻ giản dị mà sâu sắc, bạn đọc sẽ từng chút từng chút tìm thấy những giá trị để áp dụng cho cuộc sống của chính mình.', 54, 1, 'Sách Mới', 0, 0),
(241, 'Suy Nghĩ Vẩn Vơ Của Kẻ Nhàn Rỗi - Phần 2', 'suy_nghi_van_vo_cua_ke_nhan_roi_phan_2.jpg', '1.suy_nghi_van_vo_cua_ke_nhan_roi_phan_2.jpg', 61, '2017-04-25', 'Văn Học', 'Văn Việt', 'Bìa Mềm', '13x20.5 cm', 360, 328, 15, 82000, 'Cuộc đời là để sống, không phải để lần hồi qua ngày, để đương đầu đối mặt, không phải nhận chỉ dẫn từ người khác.\r\n \r\nCuộc đời không phải một ván cờ, mà chiến thắng thuộc về kẻ nào khôn ngoan nhất, nó là một ván bài đòi hỏi con người ta cần phải tận dụng khéo léo từng quân bài mình có trong tay.\r\n \r\nCuốn tản văn Suy nghĩ vẩn vơ của kẻ nhàn rỗi phần 2 với những chia sẻ giản dị mà sâu sắc, bạn đọc sẽ từng chút từng chút tìm thấy những giá trị để áp dụng cho cuộc sống của chính mình.', 55, 1, 'Sách Mới', 0, 0),
(242, 'Suy Nghĩ Vẩn Vơ Của Kẻ Nhàn Rỗi - Phần 2', 'suy_nghi_van_vo_cua_ke_nhan_roi_phan_2.jpg', '1.suy_nghi_van_vo_cua_ke_nhan_roi_phan_2.jpg', 61, '2017-04-25', 'Văn Học', 'Văn Việt', 'Bìa Mềm', '13x20.5 cm', 360, 328, 15, 82000, 'Cuộc đời là để sống, không phải để lần hồi qua ngày, để đương đầu đối mặt, không phải nhận chỉ dẫn từ người khác.\r\n \r\nCuộc đời không phải một ván cờ, mà chiến thắng thuộc về kẻ nào khôn ngoan nhất, nó là một ván bài đòi hỏi con người ta cần phải tận dụng khéo léo từng quân bài mình có trong tay.\r\n \r\nCuốn tản văn Suy nghĩ vẩn vơ của kẻ nhàn rỗi phần 2 với những chia sẻ giản dị mà sâu sắc, bạn đọc sẽ từng chút từng chút tìm thấy những giá trị để áp dụng cho cuộc sống của chính mình.', 56, 1, 'Sách Mới', 0, 0),
(243, 'Suy Nghĩ Vẩn Vơ Của Kẻ Nhàn Rỗi - Phần 2', 'suy_nghi_van_vo_cua_ke_nhan_roi_phan_2.jpg', '1.suy_nghi_van_vo_cua_ke_nhan_roi_phan_2.jpg', 61, '2017-04-25', 'Văn Học', 'Văn Việt', 'Bìa Mềm', '13x20.5 cm', 360, 328, 15, 82000, 'Cuộc đời là để sống, không phải để lần hồi qua ngày, để đương đầu đối mặt, không phải nhận chỉ dẫn từ người khác.\r\n \r\nCuộc đời không phải một ván cờ, mà chiến thắng thuộc về kẻ nào khôn ngoan nhất, nó là một ván bài đòi hỏi con người ta cần phải tận dụng khéo léo từng quân bài mình có trong tay.\r\n \r\nCuốn tản văn Suy nghĩ vẩn vơ của kẻ nhàn rỗi phần 2 với những chia sẻ giản dị mà sâu sắc, bạn đọc sẽ từng chút từng chút tìm thấy những giá trị để áp dụng cho cuộc sống của chính mình.', 57, 1, 'Sách Mới', 0, 0),
(244, 'Suy Nghĩ Vẩn Vơ Của Kẻ Nhàn Rỗi - Phần 2', 'suy_nghi_van_vo_cua_ke_nhan_roi_phan_2.jpg', '1.suy_nghi_van_vo_cua_ke_nhan_roi_phan_2.jpg', 61, '2017-04-25', 'Văn Học', 'Văn Việt', 'Bìa Mềm', '13x20.5 cm', 360, 328, 15, 82000, 'Cuộc đời là để sống, không phải để lần hồi qua ngày, để đương đầu đối mặt, không phải nhận chỉ dẫn từ người khác.\r\n \r\nCuộc đời không phải một ván cờ, mà chiến thắng thuộc về kẻ nào khôn ngoan nhất, nó là một ván bài đòi hỏi con người ta cần phải tận dụng khéo léo từng quân bài mình có trong tay.\r\n \r\nCuốn tản văn Suy nghĩ vẩn vơ của kẻ nhàn rỗi phần 2 với những chia sẻ giản dị mà sâu sắc, bạn đọc sẽ từng chút từng chút tìm thấy những giá trị để áp dụng cho cuộc sống của chính mình.', 58, 1, 'Sách Mới', 0, 0),
(245, 'Suy Nghĩ Vẩn Vơ Của Kẻ Nhàn Rỗi - Phần 2', 'suy_nghi_van_vo_cua_ke_nhan_roi_phan_2.jpg', '1.suy_nghi_van_vo_cua_ke_nhan_roi_phan_2.jpg', 61, '2017-04-25', 'Văn Học', 'Văn Việt', 'Bìa Mềm', '13x20.5 cm', 360, 328, 15, 82000, 'Cuộc đời là để sống, không phải để lần hồi qua ngày, để đương đầu đối mặt, không phải nhận chỉ dẫn từ người khác.\r\n \r\nCuộc đời không phải một ván cờ, mà chiến thắng thuộc về kẻ nào khôn ngoan nhất, nó là một ván bài đòi hỏi con người ta cần phải tận dụng khéo léo từng quân bài mình có trong tay.\r\n \r\nCuốn tản văn Suy nghĩ vẩn vơ của kẻ nhàn rỗi phần 2 với những chia sẻ giản dị mà sâu sắc, bạn đọc sẽ từng chút từng chút tìm thấy những giá trị để áp dụng cho cuộc sống của chính mình.', 59, 1, 'Sách Mới', 0, 0),
(246, 'Suy Nghĩ Vẩn Vơ Của Kẻ Nhàn Rỗi - Phần 2', 'suy_nghi_van_vo_cua_ke_nhan_roi_phan_2.jpg', '1.suy_nghi_van_vo_cua_ke_nhan_roi_phan_2.jpg', 61, '2017-04-25', 'Văn Học', 'Văn Việt', 'Bìa Mềm', '13x20.5 cm', 360, 328, 15, 82000, 'Cuộc đời là để sống, không phải để lần hồi qua ngày, để đương đầu đối mặt, không phải nhận chỉ dẫn từ người khác.\r\n \r\nCuộc đời không phải một ván cờ, mà chiến thắng thuộc về kẻ nào khôn ngoan nhất, nó là một ván bài đòi hỏi con người ta cần phải tận dụng khéo léo từng quân bài mình có trong tay.\r\n \r\nCuốn tản văn Suy nghĩ vẩn vơ của kẻ nhàn rỗi phần 2 với những chia sẻ giản dị mà sâu sắc, bạn đọc sẽ từng chút từng chút tìm thấy những giá trị để áp dụng cho cuộc sống của chính mình.', 60, 1, 'Sách Mới', 0, 0),
(247, 'Suy Nghĩ Vẩn Vơ Của Kẻ Nhàn Rỗi - Phần 2', 'suy_nghi_van_vo_cua_ke_nhan_roi_phan_2.jpg', '1.suy_nghi_van_vo_cua_ke_nhan_roi_phan_2.jpg', 61, '2017-04-25', 'Văn Học', 'Văn Việt', 'Bìa Mềm', '13x20.5 cm', 360, 328, 15, 82000, 'Cuộc đời là để sống, không phải để lần hồi qua ngày, để đương đầu đối mặt, không phải nhận chỉ dẫn từ người khác.\r\n \r\nCuộc đời không phải một ván cờ, mà chiến thắng thuộc về kẻ nào khôn ngoan nhất, nó là một ván bài đòi hỏi con người ta cần phải tận dụng khéo léo từng quân bài mình có trong tay.\r\n \r\nCuốn tản văn Suy nghĩ vẩn vơ của kẻ nhàn rỗi phần 2 với những chia sẻ giản dị mà sâu sắc, bạn đọc sẽ từng chút từng chút tìm thấy những giá trị để áp dụng cho cuộc sống của chính mình.', 61, 1, 'Sách Mới', 0, 0),
(248, 'Suy Nghĩ Vẩn Vơ Của Kẻ Nhàn Rỗi - Phần 2', 'suy_nghi_van_vo_cua_ke_nhan_roi_phan_2.jpg', '1.suy_nghi_van_vo_cua_ke_nhan_roi_phan_2.jpg', 61, '2017-04-25', 'Văn Học', 'Văn Việt', 'Bìa Mềm', '13x20.5 cm', 360, 328, 15, 82000, 'Cuộc đời là để sống, không phải để lần hồi qua ngày, để đương đầu đối mặt, không phải nhận chỉ dẫn từ người khác.\r\n \r\nCuộc đời không phải một ván cờ, mà chiến thắng thuộc về kẻ nào khôn ngoan nhất, nó là một ván bài đòi hỏi con người ta cần phải tận dụng khéo léo từng quân bài mình có trong tay.\r\n \r\nCuốn tản văn Suy nghĩ vẩn vơ của kẻ nhàn rỗi phần 2 với những chia sẻ giản dị mà sâu sắc, bạn đọc sẽ từng chút từng chút tìm thấy những giá trị để áp dụng cho cuộc sống của chính mình.', 62, 1, 'Sách Mới', 0, 0),
(249, 'Suy Nghĩ Vẩn Vơ Của Kẻ Nhàn Rỗi - Phần 2', 'suy_nghi_van_vo_cua_ke_nhan_roi_phan_2.jpg', '1.suy_nghi_van_vo_cua_ke_nhan_roi_phan_2.jpg', 61, '2017-04-25', 'Văn Học', 'Văn Việt', 'Bìa Mềm', '13x20.5 cm', 360, 328, 15, 82000, 'Cuộc đời là để sống, không phải để lần hồi qua ngày, để đương đầu đối mặt, không phải nhận chỉ dẫn từ người khác.\r\n \r\nCuộc đời không phải một ván cờ, mà chiến thắng thuộc về kẻ nào khôn ngoan nhất, nó là một ván bài đòi hỏi con người ta cần phải tận dụng khéo léo từng quân bài mình có trong tay.\r\n \r\nCuốn tản văn Suy nghĩ vẩn vơ của kẻ nhàn rỗi phần 2 với những chia sẻ giản dị mà sâu sắc, bạn đọc sẽ từng chút từng chút tìm thấy những giá trị để áp dụng cho cuộc sống của chính mình.', 63, 1, 'Sách Mới', 0, 0),
(250, 'Suy Nghĩ Vẩn Vơ Của Kẻ Nhàn Rỗi - Phần 2', 'suy_nghi_van_vo_cua_ke_nhan_roi_phan_2.jpg', '1.suy_nghi_van_vo_cua_ke_nhan_roi_phan_2.jpg', 61, '2017-04-25', 'Văn Học', 'Văn Việt', 'Bìa Mềm', '13x20.5 cm', 360, 328, 15, 82000, 'Cuộc đời là để sống, không phải để lần hồi qua ngày, để đương đầu đối mặt, không phải nhận chỉ dẫn từ người khác.\r\n \r\nCuộc đời không phải một ván cờ, mà chiến thắng thuộc về kẻ nào khôn ngoan nhất, nó là một ván bài đòi hỏi con người ta cần phải tận dụng khéo léo từng quân bài mình có trong tay.\r\n \r\nCuốn tản văn Suy nghĩ vẩn vơ của kẻ nhàn rỗi phần 2 với những chia sẻ giản dị mà sâu sắc, bạn đọc sẽ từng chút từng chút tìm thấy những giá trị để áp dụng cho cuộc sống của chính mình.', 64, 1, 'Sách Mới', 0, 0),
(251, 'Eva Goes Solo ', 'eva_goes_solo_nu_hoang_so_nho_tren_dat_nhat.jpg', '1.eva_goes_solo_nu_hoang_so_nho_tren_dat_nhat.jpg', 62, '2017-03-21', 'Dân Trí', 'Skybooks', 'Bìa Mềm', '14.5x20 cm', 352, 400, 17, 83000, 'Nhật Bản với nền truyện tranh hiện đại luôn là giấc mơ lớn của  Eva. Nhờ một siêu ý chí không thể đánh bại, “nàng” đã tìm được một học bổng xứng đáng để hiện thực hóa giống mộng ngàn năm. Chuỗi ngày ăn dầm ở dề để hoàn thành khóa cao học bắt đầu, cũng là lúc Eva vỡ mộng khi phát hiện đời thực không thể lung linh, ảo diệu như manga hay anime.\r\n ', 2, 62, 'Sách Cũ', 0, 0),
(252, 'Hàn Phi Tử', 'han_phi_tu.jpg', '1.han_phi_tu.jpg', 63, '2017-03-27', 'Văn Học', 'Văn Học', 'Bìa Mềm', '14x20.5 cm', 850, 378, 16, 109000, 'Đối với văn hóa thế giới, Hàn Phi Tử là một tác phẩm hết sức độc đáo. \r\n\r\nVề mặt chính trị, nó là công trình quan trọng nhất của chính trị học Trung Hoa và là một trong những tác phẩm đầu tiên của chính trị học thế giới. \r\n\r\nVề tư tưởng, nó xác lập trường phái Pháp gia, một trong bốn trường phái lớn nhất của tư tưởng Trung Quốc (Nho, Mặc, Lão, Pháp).', 2, 63, 'Sách Cũ', 0, 0),
(253, 'Bệnh Công Chúa', 'benh_cong_chua.jpg', '1.benh_cong_chua.jpg', 64, '2017-04-04', 'Hà Nội', 'Nhã Nam', 'Bìa Mềm', '14x20.5 cm', 400, 348, 17, 90000, 'Đây không phải câu chuyện về cô bé lọ lem, mà là về vị hôn thê xấu tính của hoàng tử.\r\n \r\n“Cô ấy có lúc ngang ngược cảnh vẻ, thực chất là vì giữ vững nguyên tắc; cô ấy có lúc gây sự vô cớ, thực chất là muốn dũng cảm bày tỏ ý kiến bản thân; cô ấy tuy tôn thờ đồng tiền ưa trưng diện, nhưng biết mình muốn gì, cũng biết thứ gì nên buông bỏ, thứ gì nên quyến luyến…\r\n \r\nCô gái có nội tâm mạnh mẽ như vậy, dù không có giày pha lê của hoàng tử, cũng có thể tao nhã, xinh đẹp, ung dung, lương thiện mà kiên cường như một công chúa và xứng đáng có một kết cục tốt đẹp của riêng mình...”', 2, 64, 'Sách Cũ', 0, 0),
(254, 'Tiền - Thư Tuyệt Mệnh', 'tien_thu_tuyet_menh.jpg', '1.tien_thu_tuyet_menh.jpg', 65, '2017-04-07', 'Hội Nhà Văn', 'Nhã Nam', 'Bìa Mềm', '15x24 cm', 530, 496, 17, 136000, 'Đúng như nhan đề, tác phẩm kinh điển ra đời năm 1984 này là câu chuyện về tiền, những kinh khủng mà tiền gây ra, những tai ương mà tiền mang lại. Nhân vật trung tâm là John Self, kẻ đã sống một đời không tiết chế. Qua lại giữa London và New York, hắn thương thảo hợp đồng, tiêu xài vung tay và thực hiện những thương vụ liều lĩnh trong thế giới phim ảnh, đồng thời quơ cào mọi thứ có thể để thỏa mãn cho khẩu vị vô độ của mình: rượu, thuốc lá, thuốc an thần, văn hóa phẩm đồi trụy, thức ăn nhanh cùng vô số thứ tàn hại sức khỏe. Được kể theo lối độc thoại và gần như không có cốt truyện, tác phẩm vẫn chiếm vị thế nổi bật bởi những phẩm chất không dễ gặp: sắc sảo lộng óc, khôi hài cùng cực và lạc quan sâu sắc.', 2, 65, 'Sách Cũ', 0, 0),
(255, 'Người Khổng Lồ Ngủ Quên', 'nguoi_khong_lo_ngu_quen.jpg', '1.nguoi_khong_lo_ngu_quen.jpg', 66, '2017-04-10', 'Văn Học', 'Nhã Nam', 'Bìa Mềm', '14x20.5 cm', 500, 460, 18, 105000, 'Ở nước Anh thời xa xưa, tại một ngôi làng người Briton nọ, một đôi vợ chồng già ngày qua ngày sống một cuộc đời mơ hồ, lãng đãng giữa làn sương mù không lúc nào khuất dạng. Ngày tháng nối đuôi nhau trôi đi dường như chẳng có gì đổi khác, nhưng cũng cơ hồ có rất nhiều biến động mà người ta không tài nào nhớ ra. Cho đến khi hai vợ chồng họ quyết định lên đường đi tìm người con trai nhiều năm nay không gặp. Chẳng ngờ, chờ đợi họ phía trước là một chuyến phiêu lưu kỳ lạ, cùng những con người kỳ lạ, đưa họ tới miền kỳ ức đã từ lâu bị chôn vùi.', 2, 66, 'Sách Cũ', 0, 0),
(256, 'Sông (Tái Bản 2017)\r\n', 'song_tai_ban_2017_.jpg', '1.song_tai_ban_2017_.jpg', 67, '2017-03-16', 'Trẻ', 'Trẻ', 'Bìa Mềm', '13x20 cm', 400, 230, 17, 80000, '\"... Sài Gòn. Sáng nay ở đó Tú dậy, đánh răng rồi chở vợ ra đường, họ có thể cùng ăn sáng trước khi đến cơ quan. Sáng nay ở đó Hậu, Bách, Cường tiểu thơ vẫn còn nằm ngầy ngật trong hơi men vì nhậu nhẹt khuya. Sáng nay mẹ cậu mặc quần lửng, giày thể thao, đá cầu ở công viên xong thì xõa tóc ngồi quán cà phê với một trong những người đàn ông của bà, cũng có thể là cha cậu.\r\n\r\nSáng nay cậu cùng một người không thể gọi là lạ, cũng không thể nói đã quá biết nhau, đi xuyên qua những cánh rừng tinh linh đi tìm những khe suối nằm đâu đó giữa những vách đá. Hai thằng người bụi bặm và trông hơi tàn tạ…', 3, 67, 'Sách Cũ', 0, 0),
(257, 'Thiên Thần Của Sự Sống', 'thien_than_cua_su_song.jpg', '1.thien_than_cua_su_song.jpg', 68, '2017-03-16', 'Trẻ', 'Trẻ', 'Bìa Mềm', '13x20 cm', 300, 220, 17, 72000, 'Thiên thần của sự sống là tản văn mới của Lữ, nhà văn sống tại Hà Lan. Tập tản văn được viết sau khi anh lập gia đình một thời gian, chính vì thế những tản văn mới này của anh thấm đẫm tình yêu thương mái ấm hạnh phúc, là tình yêu của hai người yêu nhau, của vợ với chồng, cha mẹ và con; là tình bạn, tình xóm giềng, đồng nghiệp và cả tình người dưng...\r\n \r\nNhưng trên hết là tình yêu cuộc sống. Nói như một họa sĩ, được sống trên đời này đã là hạnh phúc. Thiên thần của sự sống chính là tình yêu cuộc sống ấy.', 3, 68, 'Sách Cũ', 0, 0),
(258, 'Hạnh Phúc Là... (Phần 3)\r\n', 'hanh_phuc_la_phan_3_.jpg', '1.hanh_phuc_la_phan_3_.jpg', 69, '2017-03-09', 'Thế Giới', 'Skybooks', 'Bìa Mềm', '15x15 cm', 400, 272, 18, 86000, 'Có một loại hạnh phúc nhỏ bé, nhưng lại chẳng thể tạo nên khi thiếu ai đó.\r\n \r\nCó một loại hạnh phúc giản dị, nhưng lại có sức mạnh làm tan chảy những trái tim băng giá.\r\n \r\nLoại hạnh phúc này mang tên là “Tình yêu.”', 3, 69, 'Sách Cũ', 0, 0),
(259, 'Tung Tăng Vào Đời - Bầu Trời Đảo Ngược', 'tung_tang_vao_doi_bau_troi_dao_nguoc.jpg', '1.tung_tang_vao_doi_bau_troi_dao_nguoc.jpg', 70, '2017-03-04', 'Dân Trí', 'Văn Việt', 'Bìa Mềm', '14.5x20.5 cm', 264, 208, 17, 89000, 'Kết thúc mười mấy năm đèn sách, chân ướt chân ráo tiến vào xã hội, bạn nghĩ rằng cuộc sống ấy sẽ như thế nào?\r\n \r\nĐi làm = có tiền = shopping không cần nhìn giá???!\r\n\r\nĐi làm = không phải đối mặt với bài vở = rảnh rang thoải mái vui chơi???!\r\n\r\nĐó có phải thế giới đẹp như mơ đang đợi bạn ở phía trước?', 3, 70, 'Sách Cũ', 0, 0),
(260, 'Lựu Đạn Nhân Kẹo Đường', 'luu_dan_nhan_keo_duong.jpg', '1.luu_dan_nhan_keo_duong.jpg', 71, '2017-03-05', 'Dân Trí', 'Skybooks', 'Bìa Mềm', '18x18 cm', 352, 340, 17, 89000, 'LỰU ĐẠN NHÂN KẸO ĐƯỜNG - Chuyện tình bá đạo của cặp đôi cá tính\r\n\r\n‘TÌNH YÊU HÓA RA RẤT GIẢN ĐƠN, Ứ CẦN LỚN LAO HAY TÔ VẼ, CỨ THẾ BÊN NHAU NGỌT NGÀO\"\r\n \r\nMối tình “oan gia ngõ hẻm” của Tai Mèo – Mặt Ngầu đã bước sang một giai đoạn mới, chăm quậy phá, tưng tửng hơn rất nhiều. Eo ôi lúc mới yêu dùng những lời nói ngọt như mật làm thính. Yêu lâu rồi thì lộ bản chất \"xấu xa\", bỉ bựa, sẵn sàng lao vào chọc phá không kiêng nể bên nào. \r\n ', 3, 71, 'Sách Cũ', 0, 0),
(261, 'Tình Yêu Không Có Lỗi - Lỗi Ở Bản Thân\r\n', 'tinh_yeu_khong_co_loi_loi_o_ban_than.jpg', '1.tinh_yeu_khong_co_loi_loi_o_ban_than.jpg', 72, '2017-03-02', 'Thế Giới', 'Văn Việt', 'Bìa Mềm', '15x15', 400, 144, 18, 69000, '\r\nTình yêu không có lỗi – Lỗi ở BẢN THÂN là cuốn sách đầy cảm hứng, sẽ mang đến cho bạn những bí kíp thực tế và hữu ích nhất để đi qua cơn thất tình và học cách yêu thương chính mình hơn. Hay nói cách khác: “Cuốn sách này sẽ MỞ TO đôi mắt của bạn, ĐÁNH THỨC bạn và trả lại BỘ NÃO cho cái đầu của bạn.”\r\n \r\nBằng giọng điệu chân thành pha lẫn hài hước, Maeya kể những câu chuyện rất gần gũi, chân thực mà bạn đã hoặc sẽ trải qua: cuộc sống độc thân với những lời hỏi han thiếu tế nhị, nỗi đau khi thất tình, cuộc chia ly của cô bạn thân, các chàng trai đến rồi đi và để lại những bài học ý nghĩa… Song song đó là hành trình chữa lành trái tim tổn thương, vượt qua nỗi buồn và trưởng thành hơn.', 3, 72, 'Sách Cũ', 0, 0),
(262, 'Ngẫu Hứng - Trần Tiến\r\n', 'ngau_hung_tran_tien.jpg', '1.ngau_hung_tran_tien.jpg', 73, '2016-08-06', 'Hội Nhà Văn', 'Trí Việt', 'Bìa Mềm', '16x24 cm', 250, 264, 17, 148000, 'Cuốn sách có tựa đề \"Ngẫu hứng - Trần Tiến\" tập hợp 27 khúc ngẫu hứng văn xuôi được ông viết để kể về những kỷ niệm vui buồn, những cảm xúc và trải nghiệm khó quên trong suốt mấy chục năm qua.\r\n\r\nNhạc sĩ Trần Tiến chia sẻ, ông không có ý định viết lách và trở thành nhà văn, song những trang viết trên là theo lời đề nghị của một người bạn để làm tư liệu cho hơn 100 tập phim làm về cuộc đời ông. Bộ phim tuy chưa được thực hiện song một nhà xuất bản đã tìm đến ông và ngỏ lời ra sách.', 4, 73, 'Sách Cũ', 0, 0),
(263, 'Nhật Ký Đặng Thùy Trâm (Tái bản 2016)\r\n', 'nhat_ky_dang_thuy_tram_tai_ban_2016_.jpg', '1.nhat_ky_dang_thuy_tram_tai_ban_2016_.jpg', 74, '2016-01-01', 'Dân Trí', 'Nhã Nam', 'Bìa Mềm', '13x20.5 cm', 400, 280, 18, 69000, 'Một cuốn nhật kí nhặt được bên xác của một nữ Việt Cộng đã suýt bị người lính Mỹ ném vào lửa, nhưng người phiên dịch đã khuyên anh ta nên giữ lại vì \"trong đó có lửa\". Nhật kí Đặng Thùy Trâm là những ghi chép hàng ngày của một người nữ bác sĩ về cuộc sống của chị nơi chiến tuyến. Cuốn nhật kí là thế giới riêng của người trí thức nhạy cảm mà không yếu đuối, tha thiết với cuộc sống mà không hề sợ hãi trước những gian nan. Ở đó ta vẫn gặp những băn khoăn trăn trở trước tình yêu, trước cuộc sống phức tạp hàng ngày, những nỗi buồn, nỗi nhớ nhung, sự cô đơn của một người con gái, nhưng đồng thời chúng ta cũng thấy được một ý chí mãnh liệt, những lời nói tự động viên cảnh tỉnh, một lòng can đảm phi thường - những điều đã làm nên một thế hệ anh hùng.', 4, 74, 'Sách Cũ', 0, 0),
(264, 'Chân Đi Không Mỏi - Hành Trình Đông Nam Á', 'chan_di_khong_moi_hanh_trinh_dong_nam_a.jpg', '1.chan_di_khong_moi_hanh_trinh_dong_nam_a.jpg', 75, '2016-01-06', 'Hội Nhà Văn', 'Nhã Nam', 'Bìa Mềm', '14x20.5 cm', 300, 250, 20, 85000, 'Tháng 4/2015, Đinh Hằng, blogger du lịch nổi tiếng ra mắt tập sách đầu tay Quá trẻ để chết: Hành trình nước Mỹ và nhận được rất nhiều sự quan tâm của bạn đọc. Đến nay, cuốn sách đã bán ra 19.000 bản in và là một trong những cuốn du ký bán chạy nhất của Nhã Nam. Bên cạnh đó, bản ebook của Quá trẻ để chết: Hành trình nước Mỹ cũng nằm trong top 3 những cuốn sách được tải về nhiều nhất trên hệ thống Alezaa năm 2015.', 4, 75, 'Sách Cũ', 0, 0),
(265, 'Nửa Đêm Canh Ba - Tự Truyện (Tặng Kèm Postcard + DVD - Số Lượng có hạn)', 'nua_dem_canh_ba_tu_truyen.jpg', '1.nua_dem_canh_ba_tu_truyen.jpg', 76, '2016-03-04', 'Dân Trí', 'Văn Việt', 'Bìa mềm', '16x24 cm', 300, 280, 20, 205000, 'Nửa đêm canh ba là cuốn tự truyện của nam ca sĩ, diễn viên Hàn Canh (Han Geng) về tuổi trẻ - quãng thời gian nhiều gian khó và thử thách trong cả sự nghiệp và tình yêu.\r\n\r\n\"Khi viết cuốn sách này tôi đã nghĩ rằng, tôi muốn mang quá trình trưởng thành và cảm nhận của tôi chia sẻ với các bạn nhất - những fan ca nhạc, những fan điện ảnh của tôi, tha lỗi cho tôi không biết thể hiện, hy vọng những con chữ có thể thay cho tiếng lòng tôi.\r\n', 4, 76, 'Sách Cũ', 0, 0),
(266, 'Nhật Ký Che Guevara', 'nhat_ky_che_guevara.jpg', '1.nhat_ky_che_guevara.jpg', 77, '2015-05-09', 'Trẻ', 'FirsNew', 'Bìa Mềm', '14.5x20.5 cm', 460, 299, 16, 88000, '         Tiếp theo cuốn Huyền Thoại Che, nhân kỷ niệm 47 năm ngày Quốc khánh Cuba (1/1/1959 -1/1/2006), First News hân hạng giới thiệu đến quý độc giả cuốn “Nhật ký hành trình xuyên châu Mỹ La tinh bằng xe gắn máy” của Ernesto Che Guevara.\r\n          Cuốn nhật ký đặc biệt này được Che viết lúc mới 23 tuổi khi thực hiện cuộc hành trình xuyên Châu Mỹ La Tinh bằng chiếc xe mô tô 500 phân khối trong 9 tháng với một người bạn thân tên Alberto Granado.', 4, 77, 'Sách Cũ', 0, 0),
(267, 'Oanh Giảm Cân\r\n', 'oanh_giam_can.jpg', '1.oanh_giam_can.jpg', 78, '2016-08-06', 'Thông Tấn', 'Comicola', 'Bìa Mềm', '14x20.5', 300, 280, 15, 100000, 'Oanh Giảm Cân là một cuốn sách đặc biệt, một cuốn hồi ký bằng truyện tranh của chính nữ tác giả Phạm Kiều Oanh kể về quãng thời gian chiến đấu với cân nặng quá khổ (62kg) để trở về với cân nặng mong muốn (46kg)\r\n\r\nCuốn sách là những trải nghiệm vô cùng thực tế và có thật về hành trình trải qua giai đoạn “tăng” và “giảm” cân nặng của một người phụ nữ ở độ tuổi 30.', 4, 78, 'Sách Cũ', 0, 0),
(268, 'Hoàng Hà Nhớ Hồng Hà Thương\r\n', 'hoang_ha_nho_hong_ha_thuong.jpg', '1.hoang_ha_nho_hong_ha_thuong.jpg', 79, '2016-08-03', 'Văn Học', 'Minh Thắng', 'Bìa Mềm', '16x24 cm', 480, 456, 17, 110000, 'Hoàng Hà Nhớ Hồng Hà Thương\r\n\r\n\"Tôi rất vui mừng được chị Trần Kiếm Qua, vợ anh Nguyễn Sơn nhờ viết  lời tựa cho cuốn sách Hoàng Hà nhớ, Hồng Hà thương. Cuốn sách Hoàng Hà nhớ Hồng Hà thương ghi chép lại những hồi ức của chị, nó bất giác gợi cho tôi nhớ lại những ngày tháng sống và chiến đấu cùng anh Nguyễn Sơn.\r\n\r\nAnh Nguyễn Sơn từ nhỏ đã tham gia phong trào thanh niên và được vinh hạnh học tập tại trường quân sự nổi tiếng của Trung Quốc - Trường Quân sự Hoàng Phố. Khi anh Nguyễn Sơn về nước, thì quân Pháp bắt đầu cuộc chiến tranh xâm lược Việt Nam, nước ta cũng bước vào thời kỳ kháng chiến lâu dài. Trong cuộc họp của thường vụ, Bác Hồ, anh Trường Chinh và tôi yêu cầu anh Nguyễn Sơn vào miền Nam, nơi chiến sự ác liệt. Khi tôi đảm nhiệm chức vụ Chủ tịch Ủy ban Quân sự toàn quốc (sau này đổi tên thành Ủy ban Kháng chiến toàn quốc), anh Nguyễn Sơn được cử làm Chủ tịch Ủy ban Kháng chiến miền Nam Việt Nam. Đây là một chức vụ cực kỳ quan trọng, thể hiện lòng tin của Đảng và Chính phủ đối v', 4, 79, 'Sách Cũ', 0, 0),
(269, 'Ong Và Kiến - Chiếc Ô Mất Tích', 'ong_va_kien_chiec_o_mat_tich.jpg', '1.ong_va_kien_chiec_o_mat_tich.jpg', 80, '2017-02-23', 'Thanh Niên', 'Đinh Trị', 'Bìa Mềm', '14x13 cm', 200, 112, 17, 39000, 'Ong Và Kiến - Chiếc Ô Mất Tích:\r\n \r\nKiến tặng cho người bạn tốt Ong của mình một chiếc ô xinh xắn. Trong tất cả những món đồ mình có, Ong thích nhất là chiếc ô này. Một hôm trời mưa to, gió thổi rất mạnh, Ong không may tuột tay, thế là chiếc ô bay đi mất rồi…\r\n ', 5, 80, 'Sách Cũ', 0, 0),
(270, 'Ong Và Kiến – Nào Mình Cùng Đi Mua Sắm', 'ong_va_kien_nao_minh_cung_di_mua_sam.jpg', '1.ong_va_kien_nao_minh_cung_di_mua_sam.jpg', 80, '2017-02-23', 'Thanh Niên', 'Đinh Trị', 'Bìa Mềm', '14x13 cm', 200, 84, 17, 39000, 'Ong Và Kiến - Nào Mình Cùng Đi Mua Sắm:\r\n \r\nOng và người bạn thân Kiến sẽ cùng đi siêu thị để mua sắm một số đồ dùng cần thiết. Trước khi đi, hai bạn ấy đã viết ra một danh sách các đồ cần mua rồi chia đôi tờ danh sách đó, chia đôi luôn khoản tiền mang đi để mua đồ nữa. Ong cũng dặn Kiến chỉ được mua những đồ đã ghi trong danh sách mà thôi...\r\n ', 5, 81, 'Sách Cũ', 0, 0),
(271, 'Thời Thơ Ấu (Bìa Mềm)\r\n', 'thoi_tho_au_bia_mem_.jpg', '1.thoi_tho_au_bia_mem_.jpg', 81, '2017-01-12', 'Văn Học', 'Minh Thắng', 'Bìa Mềm', '14.5x20.5 cm', 400, 352, 17, 68000, 'Tác giả phác họa chân dung cậu bé Aleksyei một mình, đơn độc bước vào đời mà không có bàn tay cha đưa dắt, không có sự theo dõi theo sát sao của mẹ. Nhưng hành trang mà cậu mang theo thật phong phú: Đó là những ký ức về gia đình, tuy đău buồn nhưng ấm áp tình cảm của bà, của cha cậu, của mẹ và của cả người ông tuy bề ngoài dữ dằn nhưng đã dạy cho cậu tính tự lập...', 5, 82, 'Sách Cũ', 0, 0),
(272, 'Thời Thơ Ấu (Bìa Cứng)\r\n', 'thoi_tho_au_bia_cung_.jpg', '1.thoi_tho_au_bia_cung_.jpg', 81, '2017-01-19', 'Văn Học', 'Minh Thắng', 'Bìa Cứng', '14.5x20.5', 400, 352, 17, 86000, 'Tác giả phác họa chân dung cậu bé Aleksyei một mình, đơn độc bước vào đời mà không có bàn tay cha đưa dắt, không có sự theo dõi theo sát sao của mẹ. Nhưng hành trang mà cậu mang theo thật phong phú: Đó là những ký ức về gia đình, tuy đău buồn nhưng ấm áp tình cảm của bà, của cha cậu, của mẹ và của cả người ông tuy bề ngoài dữ dằn nhưng đã dạy cho cậu tính tự lập...', 5, 83, 'Sách Cũ', 0, 0),
(273, 'Tâm Hồn Cao Thượng (Trí Việt)\r\n', 'tam_hon_cao_thuong_tri_viet_.jpg', '1.tam_hon_cao_thuong_tri_viet_.jpg', 82, '2017-02-20', 'Văn Học', 'FirstNews', 'Bìa Mềm', '14.5x20.5 cm', 900, 414, 17, 158000, 'Ngày 18/10 hằng năm là ngày khai trường truyền thống ở Ý. Vào ngày này năm 1886, Tâm hồn cao thượng (nguyên tác Cuore, nghĩa là Trái tim) cuốn tiểu thuyết trẻ em của nhà văn người Ý Edmondo De Amicis chính thức ra mắt. Ngay lập tức, nó chinh phục trái tim bạn đọc, không chỉ ở Ý mà còn lan khắp các châu lục khác. Đến tận bây giờ, Tâm hồn cao thượng vẫn là một trong những tác phẩm có sức sống bền bỉ trong đời sống xuất bản của nhiều quốc gia. \r\n ', 5, 84, 'Sách Cũ', 0, 0);
INSERT INTO `book` (`idbook`, `name`, `imgdetail`, `imgbg`, `idauthor`, `ngayxb`, `nhaxb`, `nhaph`, `dangbia`, `size`, `weight`, `totalpages`, `saleoff`, `price`, `info`, `idtype`, `highlights`, `status`, `sold`, `checkDelete`) VALUES
(274, 'Truyện Ngụ Ngôn La Fontaine', 'truyen_ngu_ngon_la_fontaine.jpg', '1.truyen_ngu_ngon_la_fontaine.jpg', 83, '2017-02-07', 'Hội Nhà Văn', 'Nhã Nam', 'Bìa Mềm', '15x21 cm', 300, 158, 18, 45000, 'Truyện ngụ ngôn La Fontaine Với 38 bài thơ được chuyển ngữ dưới nhiều thể thơ khác nhau, vừa tạo nên cái đa dạng tự do không kém gì tinh thần từ các câu thơ gốc, vừa giữ được giá trị giải khuây đi đôi với răn dạy của ngụ ngôn La Fontaine, kèm minh họa lạ, thú vị và độc đáo của họa sĩ Mạnh Quỳnh, vẽ các nhân vật và cảnh vật từ một tác phẩm châu Âu thế kỷ XVII nhưng lại đậm nét văn hóa Việt mà không làm mất đi vẻ duyên dáng, sinh động, ngộ nghĩnh.', 5, 85, 'Sách Cũ', 0, 0),
(275, 'Cậu Bé Bọ Cánh Cứng\r\n', 'cau_be_bo_canh_cung.jpg', '1.cau_be_bo_canh_cung.jpg', 84, '2017-02-04', 'Thế Giới', 'R.E.A.D Books', 'Bìa Mềm', '14x20 cm', 500, 480, 18, 92000, 'Đây là cuốn truyện fiction đầu tiên của chúng mình ạ. Cậu Bé Bọ Cánh Cứng kể về Darkus, cậu bé 13 tuổi, và hành trình đi tìm người bố bị mất tích. Thú vị ở chỗ, bạn đồng hành thân thiết của cậu lại là một chú bọ cánh cứng. Trên đường đi, hai bạn nhỏ đã nhận được sự giúp đỡ của rất nhiều những chú bọ khác - loài vật nhỏ bé nhưng vô cùng mạnh mẽ và khéo léo. ', 5, 86, 'Sách Cũ', 0, 0),
(276, 'Combo Phát Triển Trí Thông Minh Cùng Thỏ Hoppy Bunny - Bộ 4 Cuốn (Song Ngữ)', 'combo_phat_trien_tri_thong_minh_cung_tho_hoppy_bunny_bo_4_cuon_song_ngu_.jpg', '1.combo_phat_trien_tri_thong_minh_cung_tho_hoppy_bunny_bo_4_cuon_song_ngu_.jpg', 85, '2017-02-07', 'Thế Giới', 'Văn Việt', 'Bìa Mềm', '20.5x20.5 cm', 800, 80, 18, 140000, 'Đọc sách báo đã được khoa học chứng minh là phương pháp hiệu quả và đáng tin cậy nhất giúp nâng cao hiểu biết và trí tuệ ở mọi lứa tuổi. Lựa chọn những cuốn sách phù hợp với độ tuổi và hình thành thói quen đọc sách giúp trẻ giải trí, phát triển tri thức sẽ tạo nền tảng kiến thức tốt cho trẻ. “Phát triển trí thông minh cùng thỏ Hoppy Bunny” là bộ sách tranh song ngữ chứa đựng rất nhiều câu chuyện thú vị. Bộ truyện không đơn thuần là là những câu chuyện giải trí, mà còn kích thức trí tưởng tượng, tư duy logic của trẻ nhỏ. \r\n ', 5, 87, 'Sách Cũ', 0, 0),
(277, 'Chúng Mình Bay Đầy Trời\r\n\r\n', 'chung_minh_bay_day_troi.jpg', '1.chung_minh_bay_day_troi.jpg', 86, '2017-01-17', 'Kim Đồng', 'Kim Đồng', 'Bìa Mềm', '12x19 cm', 92, 200, 18, 20000, 'Nhờ tình thương của Quý dành cho Nội mà nhóm tôi có được ý tưởng hay. Một đôi cánh nâng con người bay lên không phải điều có thể thực hiện dễ dàng. Nhưng có ý tưởng thì lúc nào đó sẽ có cánh.Thế giới sống trên đôi cánh. Người lớn giúp sức để đôi cánh của tôi mau mau có được, mau mau bay được. Cũng có người nói không nên để mấy đứa nhóc bay lên mây với đôi cánh thánh thần đó. Tưởng nói bay là bay được à. Phải có bằng lái, phải đăng kí kiểm định đó. Người ta sẽ hỏi đôi cánh này do ai làm ra...Tụi tôi sẽ bàn nhau cách làm đôi cánh cho bạn Núi Cấm. Đó là cách giúp Quý  yên tâm học mà không phải khóc nhớ Nội. Tất cả chúng tôi về nhà chuẩn bị các thứ cần thiết cho việc chế tạo một đôi cánh.Thằng Quý vui nhất. Vì Nội nó vui. Vì nó thấy tâm hồn nội nó bay vèo vèo.', 5, 88, 'Sách Cũ', 0, 0),
(278, 'Ca Dao Tục Ngữ Bằng Tranh\r\n', 'ca_dao_tuc_ngu_bang_tranh.jpg', '1.ca_dao_tuc_ngu_bang_tranh.jpg', 87, '2017-01-17', 'Kim Đồng', 'Kim Đồng', 'Bìa Mềm', '14.5x20.5', 300, 180, 18, 68000, 'Tục ngữ, ca dao là kho tàng kinh nghiệm sống quý giá, là tiếng nói chứa đựng tâm tư, tình cảm của người lao động từ ngàn đời để lại. Các em cùng đọc bộ sách này để hiểu đời sống tinh thần cùng những lời nhắ nhủ của ông cha…', 5, 89, 'Sách Cũ', 0, 0),
(279, 'Thơ Cần Thiết Cho Ai', 'tho_can_thiet_cho_ai.jpg', '1.tho_can_thiet_cho_ai.jpg', 88, '2015-05-09', 'Hội Nhà Văn', 'Nhã Nam', 'Bìa Mềm', '14x20.5 cm', 310, 260, 20, 70000, ' Thơ được viết ra từ trải nghiệm, và dẫu trài nghiệm ấy có tính chất như thế nào, đời thường, tôn giáo, hào hùng, bi thảm...thì lúc nào nó cũng mang nhiều tính chất cá nhân. Đọc thơ cũng nên là trải nghiệm hết sức cá nhân. Nguyễn Đức Tùng hiểu điều này, nên cách anh đọc thơ rất riêng, nhưng cùng lúc cái riêng lại mở rộng con đường tiếp nhận cho nhiều người khác, kể cả khi đối tượng của sự đọc này là các nhà thơ Bắc Mỹ còn chưa mấy quen thuộc với độc giả Việt Nam', 6, 1, 'Sách Cũ', 0, 0),
(280, 'Cô Đơn Cũng Không Khóc', 'co_don_cung_khong_khoc.jpg', '1.co_don_cung_khong_khoc.jpg', 89, '2015-01-02', 'Văn Học', 'Limbooks', 'Bìa Mềm', '15x15 cm', 154, 100, 15, 52000, ' Tập thơ tình: \"Cô đơn cũng không khóc\" được viết trong tâm trạng đủ đau, nỗi đau vừa chớm đi qua, vẫn còn để lại những cảm xúc được đóng đinh trong từng mạch chữ, là: Tiếc nuối!\r\n \r\nCô đơn cũng không khóc! là mệnh đề của trái tim, mỗi khi những day dứt, dằn vặt, như sóng ngầm muốn òa vỡ, xô ngã tuổi trẻ của tôi xuống một vực sâu vô hình nào đó!', 6, 1, 'Sách Cũ', 0, 0),
(281, 'Ngày Xưa', 'ngay_xua.jpg', '1.ngay_xua.jpg', 90, '2015-01-01', 'Hội Nhà Văn', 'Nhã Nam', 'Bìa Mềm', '18x22.5 cm', 150, 45, 20, 42000, ' \"Làn gió thổi hây hây,\r\nEm nghe tà áo bay,\r\nEm tìm hơi chàng thở!\r\nChàng ôi, chàng có hay?\"', 6, 1, 'Sách Cũ', 0, 0),
(282, 'Tâm Hồn Tôi\r\n', 'tam_hon_toi.jpg', '1.tam_hon_toi.jpg', 91, '2015-01-01', 'Hội Nhà Văn', 'Nhã Nam', 'Bìa Mềm', '18x22.5 cm', 220, 55, 20, 46000, ' \"Hôm qua, em đi tỉnh về\r\nĐợi em ở mãi con đê đầu làng\r\nKhăn nhung, quần lĩnh rộn ràng\r\nÁo cài khuy bấm. Em làm khổ tôi\r\nThị thành bôi nhọ em rồi\r\nNào đâu cái yếm mua hồi sang xuân?\"', 6, 1, 'Sách Cũ', 0, 0),
(283, 'Trần Đăng Khoa - Tuyển Thơ\r\n', 'tran_dang_khoa_tuyen_tho.jpg', '1.tran_dang_khoa_tuyen_tho.jpg', 92, '2015-03-01', 'Văn Học', 'Huy Hoàng', 'Bìa Cứng', '13.5x20.5 cm', 580, 579, 14, 140000, 'Những năm gần đây, Trần Đăng Khoa cho ra đời một loạt tập văn xuôi, bao gồm đủ các thể loại: tiểu thuyết, bình luận văn chương, truyện ngắn, bút ký, ghi chép, tản văn… Hầu hết các tập văn xuôi của anh đều được độc giả rộng rãi đón nhận nồng nhiệt. Có tập trong một năm được in đi in lại nhiều lần. Tuy vậy, bạn đọc vẫn không quên một Trần Đăng Khoa nhà thơ, mà tên tuổi đã trở nên quen thuộc với đông đảo bạn đọc từ khi anh mới có 8 tuổi (1966). Hàng năm các tuyển thơ của Trần Đăng Khoa vẫn được in lại ở nhiều nhà xuất bản khác nhau. Năm 2001 anh đã được Chủ tịch Nước trao tặng Giải thưởng Nhà Nước đợt I về Văn học Nghệ thuật cho ba tập thơ: Góc sân và khoảng trời, Bên cửa sổ máy bay, Tuyển thơ Trần Đăng Khoa (1966 - 2000).', 6, 1, 'Sách Cũ', 0, 0),
(284, 'Chúng Mình Có Thể Bắt Đầu Không?\r\n\r\n', 'chung_minh_co_the_bat_dau_khong_.jpg', '1.chung_minh_co_the_bat_dau_khong_.jpg', 93, '2015-04-08', 'Văn Hóa Thông Tin', 'Phương Đông', 'Bìa Mềm', '18x18 cm', 220, 100, 20, 666000, ' Đọc Chúng mình có thể bắt đầu không? - tập thơ mới nhất của Phạm Thị Ngọc Thanh, bạn đọc sẽ cảm nhận được tình yêu trong sáng, giản dị và chân thành.\r\n \r\nThơ của Ngọc Thanh có một nhịp điệu rất riêng, một khúc du dương như bản nhạc được viết ra bởi tâm hồn đẹp. Khi đọc cảm giác như được trôi vào miền riêng ấy. Đứng lặng nhìn ngơ ngẩn một mùa nào đó đang trôi qua khoảng trời ký ức rêu phong. Những điều tha thiết và da diết ấy làm lòng người mềm lại.', 6, 1, 'Sách Cũ', 0, 0),
(285, 'Xa xăm gõ cửa\r\n\r\n', 'xa_xam_go_cua.jpg', '1.xa_xam_go_cua.jpg', 94, '2015-09-07', 'Văn Học', 'Nhã Nam', 'Bìa Mềm', '15x23', 350, 204, 20, 82000, 'Những bóng tối lảng vảng trên tóc\r\nTrên mặt sông rút dải làn sương bạc\r\nTrong giấc ngủ thâm u bầy người điên ngơ ngác\r\nĐã trở về\r\nKhuôn mặt nước giếng khơi rạng rỡ\r\n \r\nTôi châm thuốc ra ngoài gặp cỏ\r\nNghĩ đến mình nghĩ đến mình thật nhiều\r\nNhắm mắt lại và từ từ hiển hiện\r\nMột vườn mía ngọt lúc trăng lên\r\n \r\nTin vào đêm\r\nKhông tin bóng tối\r\nNhững ngôi đền rụt rè sáng cùng tôi.', 6, 1, 'Sách Cũ', 0, 0),
(286, 'Quê ngoại (Việt Nam danh tác)\r\n', 'que_ngoai_viet_nam_danh_tac_.jpg', '1.que_ngoai_viet_nam_danh_tac_.jpg', 95, '2014-03-02', 'Hội Nhà Văn', 'Nhã Nam', 'Bìa Mềm', '18x22.5 cm', 100, 54, 20, 42000, ' \" Có lần tôi thấy tôi yêu, \r\nMắt nhung, cô bé khăn điều cuối thôn,\r\n  Lâu rồi, tôi đã... hơi khôn,\r\nBiết có hàng xóm có còn nhớ nhau?\"', 6, 1, 'Sách Cũ', 0, 0),
(287, 'Mê hồn ca (Việt Nam danh tác)\r\n\r\n', 'me_hon_ca_viet_nam_danh_tac_.jpg', '1.me_hon_ca_viet_nam_danh_tac_.jpg', 96, '2014-02-05', 'Hội Nhà Văn', 'Nhã Nam', 'Bìa Mềm', '18x22.5 cm', 130, 66, 20, 48000, ' \" Ta gần em, mê từ ngón bàn chân,\r\nMắt nhắm lại, để lòng nguôi gió bão.\r\nKhi sùng bái, ta quỳ nâng nếp áo,\r\nNhưng cúi đầu trước vẻ ngọc trang nghiêm\r\nTa khẩn cầu từng sớm lại từng đêm,\r\nChưa tội lỗi đã thấy tràn hối hận.\r\nEm đài các, lòng cũng thoa son phấn,\r\nHai bàn chân kiêu ngạo giẫm lên thơ.\"', 6, 1, 'Sách Cũ', 0, 0),
(288, 'Điêu tàn (Việt Nam danh tác)\r\n\r\n', 'dieu_tan_viet_nam_danh_tac_.jpg', '1.dieu_tan_viet_nam_danh_tac_.jpg', 97, '2014-05-09', 'Hội Nhà Văn', 'Nhã Nam', 'Bìa Mềm', '18x22.5', 130, 56, 20, 42000, ' \'\' Ai đâu trở lại mùa thu trước\r\nNhặt lấy cho tôi những lá vàng?\r\nVới của hoa tươi, muôn cánh rũ\r\nVề đây, đem chắn nẻo xuân sang!\"', 6, 1, 'Sách Cũ', 0, 0),
(289, 'Đại Việt Sử Ký Toàn Thư (Tái bản 2017)\r\n\r\n', 'dai_viet_su_ky_toan_thu_tai_ban_2017_.jpg', '1.dai_viet_su_ky_toan_thu_tai_ban_2017_.jpg', 98, '2017-04-26', 'Văn Học', 'Đông Á', 'Bìa Mềm', '25x35 cm', 5100, 1263, 20, 690000, 'Đại Việt sử ký toàn thư là bộ quốc sử danh tiếng, một di sản quý báu của dân tộc Việt Nam nghìn năm văn hiến. Đó là bộ sử cái, có giá trị nhiều mặt, gắn liền với tên tuổi các nhà sử học nổi tiếng như Lê Văn Hưu, Phan Phu Tiên, Ngô Sĩ Liên, Phạm Công Trứ, Lê Hy…\r\n\r\nViệc phát hiện ra bản in xưa nhất của bộ Đại Việt sử ký toàn thư này - bản Nội các quan bản năm Chính Hòa thứ 18 (năm 1697), mang ý nghĩa đặc biệt. Nhờ đó, bản dịch quốc ngữ Đại Việt sử ký toàn thư theo bản Nội các quan bản đã lần lượt ra mắt bạn đọc từ những năm 1980 và được tái bản trọn bộ bốn tập lần đầu tiên vào năm 1998.', 7, 1, 'Sách Mới', 0, 0),
(290, 'Việt Nam Sử Lược (Bản Đặc Biệt)\r\n\r\n', 'viet_nam_su_luoc_ban_dac_biet_.jpg', '1.viet_nam_su_luoc_ban_dac_biet_.jpg', 99, '2017-03-23', 'Kim Đồng', 'Kim Đồng', 'Bìa Cứng', '16x24 ccm', 720, 620, 17, 198000, 'Sử là sách không những là chỉ để ghi chép những công việc đã đi qua mà thôi, nhưng lại phải suy xét việc gốc ngọn, tìm tòi những căn nguyên những công việc của người ta đã làm để hiểu cho rõ những vận hội trị loạn của một nước, những trình độ tiến hóa của một dân tộc. \r\n\r\nChủ đích là để làm cái gương chung cổ cho người cả nước được đời đời soi vào đấy mà biết cái sự sinh hoạt của người trước đã phải lao tâm lao lực như thế nào, mới chiếm giữ được cái địa vị ở dưới bóng mặt trời này.(...) Nay nhân sự học ở nước ta đã thay đổi, chữ quốc ngữ đã phổ thông cả trong nước, chi bằng ta lấy tiếng nước nhà để kể chuyện nước nhà, ta soạn ra bộ Việt Nam sử lược, xếp đặt theo thứ tự, chia ra từng thời đại, đặt thành chương, thành mục rõ ràng, để ai ai cũng có thế xem được sử, ai ai cũng có thể hiểu được chuyện, khiến cho sự học sử của người mình được tiện lợi hơn trước.\r\n', 7, 1, 'Sách Mới', 0, 0),
(291, 'Đông Chu Liệt Quốc (Hộp 2 Tập)\r\n\r\n', 'dong_chu_liet_quoc_hop_2_tap_.jpg', '1.dong_chu_liet_quoc_hop_2_tap_.jpg', 100, '2016-02-05', 'Văn Học', 'Đinh Trị', 'Bìa Mềm', '16x23 cm', 2376, 1464, 17, 316000, 'Đông Chu liệt quốc bao gồm một thời kỳ lịch sử dài hơn 400 năm (thế kỷ I, V, IV, III trước công nguyên), bắt đầu từ khi Bình Vương nhà Chu dời đô sang phía đông và kết thúc với cuộc thống nhất của Tần Thủy Hoàng. Sử cũ gọi thời kỳ ấy là đời Đông Chu, được chia làm hai giai đoạn, là Xuân Thu và Chiến Quốc. Trong lịch sử Trung Quốc, đó là thời kỳ quá độ từ chế độ phong kiến phân quyền đến chế độ phong kiến tập quyền, với những cuộc chiến tranh giành giang sơn, mở rộng lãnh thổ, bày mưu tính kế vì thỏa mộng bá chủ một phương.', 7, 1, 'Sách Mới', 0, 0),
(292, 'Tào Tháo - Thánh Nhân Đê Tiện (Tập 6)\r\n\r\n', 'tao_thao_thanh_nhan_de_tien_tap_6_.jpg', '1.tao_thao_thanh_nhan_de_tien_tap_6_.jpg', 101, '2016-06-05', 'Văn Học', 'Alphabooks', 'Bìa Mềm', '14x20.5 cm', 800, 716, 16, 169000, 'Tào Tháo là nhân vật có tính cách phức tạp và nhiều hình tượng nhất trong lịch sử Trung Quốc. Vừa giảo hoạt gian trá, lại thẳng thắn chân thành, vừa khoan dung độ lượng, lại đa nghi khôn cùng; vừa hào sảng, lại hẹp hòi; khí phách anh hùng, tình cảm dạt dào; hành động tàn nhẫn, tâm địa Bồ tát. Tào Tháo là một nghệ nhân Biến Diện tài tình, lúc thì mang gương mặt này, thoắt cái lật sang gương mặt khác. Có thể hợp nhất những tính cách phức tạp như vậy trong một con người, là điều vô cùng khó, vậy mà tất cả những thứ ấy đều hội tụ nơi ông. Dường như con người Tào Tháo là tổng hòa của mọi mâu thuẫn trên thế gian.\r\n \r\n***', 7, 1, 'Sách Mới', 0, 0),
(293, 'Chiến Trường Vinh Quang\r\n\r\n', 'chien_truong_vinh_quang.jpg', '1.chien_truong_vinh_quang.jpg', 102, '2016-05-06', 'Văn Học', 'Tao Đàn', 'Bìa Mềm', '13x20.5 cm', 400, 204, 18, 86000, 'Chiến tranh thế giới thứ I không chỉ có đại bác và súng đạn, không chỉ có những “công cụ người”, “thiết bị người” mà còn có “chiến tranh hóa học”. Người ta tận dụng khí độc để tàn sát hàng loạt đồng loại, bất chấp sự đau đớn trên cơ thể người, sự tra tấn dai dẳng để lại cho tinh thần người. Bất chấp sự tàn nhẫn thô bạo giữa người với người chỉ để phục vụ cho mục tiêu chiến thắng, bởi Chiến tranh là tàn sát, Chiến tranh là phi nhân.', 7, 1, 'Sách Cũ', 0, 0),
(294, 'Sử Ký Liệt Truyện (Thượng Hạ)\r\n\r\n', 'su_ky_liet_truyen_thuong_ha_.jpg', '1.su_ky_liet_truyen_thuong_ha_.jpg', 103, '2016-01-05', 'Văn Học', 'Nhã Nam', 'Bìa Mềm', '15.5x24 cm', 600, 427, 17, 160000, 'Thế rồi Thái tử tìm chủy thủ sắc bén trong thiên hạ, kiếm được chủy thủ của Từ phu nhân nước Triệu, trả giá trăm dật vàng, sai thợ đem tôi trong thuốc độc, dùng người để thử, rướm máu như sợi tơ, không ai không chết ngay. Bèn chuẩn bị hành trang cho Kinh Kha lên đường. Nước Yên có dũng sĩ Tần Vũ Dương, mười ba tuổi, giết người, không ai dám nhìn thẳng. Bèn lệnh Tần Vũ Dương làm phó. Kinh Kha đợi người đến, muốn cùng đi; người đó ở xa chưa đến, sắp sẵn hành lý cho. Lâu sau, chưa lên đường, Thái tử cho là chậm trễ, ngờ Kinh Kha hối hận đổi ý, lại thúc giục: ‘Thời gian đã hết, Kinh Khanh há có ý gì chăng? Đan xin được sai Tần Vũ Dương đi trước.’ Kinh Kha giận, quát Thái tử: ‘Sao Thái tử sai hắn đi trước? Đi mà không trở về, là trò trẻ con! Vả lại đem một dao chủy thủ vào Tần mạnh đầy bất trắc, cho nên tôi còn lưu lại, đợi người khách của tôi đến đi cùng. Nay Thái tử c', 7, 1, 'Sách Cũ', 0, 0),
(295, 'Cuộc Vận Động Khởi Nghĩa ở Trung Kỳ Năm 1916 - 100 Năm Nhìn Lại\r\n\r\n', 'cuoc_van_dong_khoi_nghia_o_trung_ky_nam_1916_100_nam_nhin_lai.jpg', '1.cuoc_van_dong_khoi_nghia_o_trung_ky_nam_1916_100_nam_nhin_lai.jpg', 104, '2016-01-05', 'Tổng Hớp TPHCM', 'Phương Nam', 'Bìa Mềm', '14.5x20.5 cm', 310, 278, 13, 70000, '100 năm trước, trên dải đất Trung kỳ đã diễn ra một sự kiện bi hùng có tiếng vang to lớn, để lại dấu ấn không phai mờ trong lịch sử chống xâm lăng của dân tộc...\r\n\r\n100 năm sau, với lòng ngưỡng mộ và trân trọng một trong những trang sử đáng tự hào ở những thập niên đầu của thế kỷ XX, chúng tôi muốn phục dựng những nội dung cơ bản của chuỗi sự kiện để lại nhiều dấu ấn hào hùng ấy với tên gọi Cuộc vận động khởi nghĩa ở Trung kỳ năm 1916.', 7, 1, 'Sách Cũ', 0, 0),
(296, 'Cổ Học Tinh Hoa - Tập 2\r\n\r\n', 'co_hoc_tinh_hoa_tap_2.jpg\r\n', '1.co_hoc_tinh_hoa_tap_2.jpg', 105, '2016-02-04', 'Kim Đồng', 'Kim Đồng', 'Bìa Mềm', '14x22.5 cm', 330, 268, 15, 60000, 'Khoảng hơn một thế kỉ trước, trong buổi giao thời \"mưa Âu gió Á\", dưới chế độ đô hộ của thực dân Pháp, ở nước ta xuất hiện một tầng lớp trí thức mới, phần lớn uyên thâm Hán học và được đào tạo bài bản về Tây học. Nền tri thức, văn hóa, văn học gắn với chữ quốc ngữ cũng ra đời cùng với ý thức cao cả về độc lập dân tộc của chính những con người đó. Không kể những sáng tác văn chương bằng chữ quốc ngữ vốn được nhắc đến nhiều, những khảo cứu, tiểu luận, nghiên cứu của tầng lớp trí thức buổi đầu cũng đọng lại nhiều giá trị to lớn, đóng góp đáng kể vào quá trình tự chủ về tri thức, dẫn đến tự chủ về chính trị và xã hội của nước ta về sau.', 7, 1, 'Sách Cũ', 0, 0),
(297, 'Chuyện phiếm sử học\r\n\r\n', 'chuyen_phiem_su_hoc.jpg', '1.chuyen_phiem_su_hoc.jpg', 106, '2016-01-08', 'Tri Thức', 'Nhã Nam', 'Bìa Mềm', '14x20.5 cm', 250, 281, 19, 85000, ' “Tạ Chí Đại Trường là một nhà sử học có tính độc lập và phong cách riêng trong nghiên cứu lịch sử. Ông có những công trình nghiên cứu sâu sắc trên phương pháp luận sử học nghiêm túc mà tiêu biểu là Lịch sử nội chiến Việt Nam từ 1771 đến 1802. Các tác phẩm của Tạ Chí Đại Trường mang nặng tính suy ngẫm lịch sử, gần như một thứ triết lý lịch sử, như Những bài dã sử Việt, hay Thần, người và đất Việt. Tạ Chí Đại Trường luôn nhìn lịch sử Việt Nam với tấm lòng của một con người Việt Nam.”', 7, 1, 'Sách Cũ', 0, 0),
(298, 'Chiếc nút áo lịch sử của Napoleon - 17 phân tử thay đổi lịch sử\r\n\r\n', 'chiec_nut_ao_lich_su_cua_napoleon_17_phan_tu_thay_doi_lich_su.jpg', '1.chiec_nut_ao_lich_su_cua_napoleon_17_phan_tu_thay_doi_lich_su.jpg', 107, '2016-01-02', 'Trẻ', 'Trẻ', 'Bìa Mềm', '14x20 cm', 500, 492, 16, 132000, ' 	Tháng 12 năm 1812, Napoleon cùng gần 700.000 ngàn tinh binh đã tiếp tục xâm lược nước Nga. Tuy nhiên, đội quân bất diệt này lại chịu một thất bại vô cùng thảm hại: chỉ còn khoảng 250.000 người quay trở về châu Âu.\r\n \r\nMột trong những lý do chính yếu dẫn đến thất bại của đội quân bất diệt này lại chính là những bộ đồng phục của tất cả các binh sĩ, hay đúng hơn là những nút áo trên những bộ đồng phục ấy, từ những tướng lĩnh cao nhất đến những binh sĩ nhỏ nhất. Những chiếc nút áo được làm bằng thiếc và Napoleon đã không ngờ rằng thiếc lại có thể biến thành bột vụn ở nhiệt độ dưới -30°C, một nhiệt độ bình thường của \"mùa đông Nga\". Vì phải chịu lạnh do không thể \"cài nút áo\" được, đội quân bất diệt ngày càng suy yếu đi và thất bại thảm hại dưới cái lạnh khủng khiếp trong cuộc xâm lược này.', 7, 1, 'Sách Cũ', 0, 0),
(299, 'Nhà Tiên Tri', 'nha_tien_tri.jpg', '1.nha_tien_tri.jpg', 108, '2016-02-04', 'Văn Học', 'Nhã Nam', 'Bìa Mềm', '14x20.5 cm', 300, 250, 16, 50000, 'Giới Thiệu bạn đọc', 8, 1, 'Sách Cũ', 0, 0);

-- --------------------------------------------------------

--
-- Cấu trúc bảng cho bảng `category`
--

CREATE TABLE `category` (
  `idcategory` int(11) NOT NULL,
  `name` varchar(200) COLLATE utf8_unicode_ci NOT NULL,
  `checkDelete` int(11) NOT NULL DEFAULT '0' COMMENT 'xóa thì thành 1'
) ENGINE=InnoDB DEFAULT CHARSET=utf8 COLLATE=utf8_unicode_ci COMMENT='thể loại';

--
-- Đang đổ dữ liệu cho bảng `category`
--

INSERT INTO `category` (`idcategory`, `name`, `checkDelete`) VALUES
(1, 'SÁCH VĂN HỌC', 0),
(2, 'VĂN HỌC THEO QUỐC GIA', 0),
(3, 'SÁCH KINH TẾ', 0),
(4, 'SÁCH KHÁC', 0),
(5, 'SÁCH ĐÁNG CHÚ Ý', 0),
(6, 'SÁCH THIẾU NHI', 0),
(7, 'SÁCH CHUYÊN NGÀNH', 0),
(8, 'VĂN HÓA - NGHỆ THUẬT', 0);

-- --------------------------------------------------------

--
-- Cấu trúc bảng cho bảng `city`
--

CREATE TABLE `city` (
  `idcity` int(11) NOT NULL,
  `name` varchar(50) COLLATE utf8_unicode_ci NOT NULL
) ENGINE=InnoDB DEFAULT CHARSET=utf8 COLLATE=utf8_unicode_ci;

--
-- Đang đổ dữ liệu cho bảng `city`
--

INSERT INTO `city` (`idcity`, `name`) VALUES
(1, 'Hà Nội(Hà Tây)'),
(2, 'TP HCM'),
(3, 'An Giang'),
(4, 'Bà Rịa - Vũng Tàu'),
(5, 'Bắc Giang'),
(6, 'Bắc Cạn'),
(7, 'Bạc Liêu'),
(8, 'Bắc Ninh'),
(9, 'Bến Tre'),
(10, 'Bình Định'),
(11, 'Bình Dương'),
(12, 'Bình Phước'),
(13, 'Bình Thuận'),
(14, 'Cà Mau'),
(15, 'Cao Bằng'),
(16, 'Đăk Lăk'),
(17, 'Đắk Nông'),
(18, 'Điện Biên'),
(19, 'Đồng Nai'),
(20, 'Đồng Tháp'),
(21, 'Gia Lai'),
(22, 'Hà Giang'),
(23, 'Hà Nam'),
(24, 'Hà Tĩnh'),
(25, 'Hải Dương'),
(26, 'Hậu Giang'),
(27, 'Hòa Bình'),
(28, 'Hưng Yên'),
(29, 'Khánh Hòa'),
(30, 'Kiên Giang'),
(31, 'Kon Tum'),
(32, 'Lai Châu'),
(33, 'Lâm Đồng'),
(34, 'Lạng Sơn'),
(35, 'Long An'),
(36, 'Nam Định'),
(37, 'Nghệ An'),
(38, 'Ninh Bình'),
(39, 'Ninh Thuận'),
(40, 'Phú Thọ'),
(41, 'Quảng Bình'),
(42, 'Quảng Nam'),
(43, 'Quảng Ngãi'),
(44, 'Quảng Ninh'),
(45, 'Quảng Trị'),
(46, 'Sóc Trăng'),
(47, 'Sơn La'),
(48, 'Tây NInh'),
(49, 'Thái Bình'),
(50, 'Thái Nguyên'),
(51, 'Thanh Hóa'),
(52, 'Thừa Thiên Huế'),
(53, 'Tiền Giang'),
(54, 'Trà Vinh'),
(55, 'Tuyên Quang'),
(56, 'Vĩnh Long'),
(57, 'Vĩnh Phúc'),
(58, 'Yên Bái'),
(59, 'Phú Yên'),
(60, 'Cần Thơ'),
(61, 'Đà Nẵng'),
(62, 'Hải Phòng');

-- --------------------------------------------------------

--
-- Cấu trúc bảng cho bảng `db_type`
--

CREATE TABLE `db_type` (
  `idtype` int(11) NOT NULL,
  `name` varchar(200) COLLATE utf8_unicode_ci NOT NULL,
  `idcategory` int(11) NOT NULL,
  `checkDelete` int(11) NOT NULL DEFAULT '0' COMMENT 'xóa thì thành 1'
) ENGINE=InnoDB DEFAULT CHARSET=utf8 COLLATE=utf8_unicode_ci COMMENT='loại' ROW_FORMAT=COMPACT;

--
-- Đang đổ dữ liệu cho bảng `db_type`
--

INSERT INTO `db_type` (`idtype`, `name`, `idcategory`, `checkDelete`) VALUES
(1, 'Tiểu thuyết Việt Nam', 1, 0),
(2, 'Tiểu thuyế nước ngoài', 1, 0),
(3, 'Truyện ngán, tàn văn', 1, 0),
(4, 'Phóng sự, tùy bút, hồi ký', 1, 0),
(5, 'Truyện Thiếu Nhi', 1, 0),
(6, 'Thơ', 1, 0),
(7, 'Truyện lịch sử', 1, 0),
(8, 'Viễn tưởng, kinh dị, trinh thám', 1, 0),
(9, 'Văn học kinh điển', 1, 0),
(10, 'Thể loại khác', 1, 0),
(11, 'Văn học Việt Nam', 2, 0),
(12, 'Văn học Trung Quốc', 2, 0),
(13, 'Văn học Mỹ', 2, 0),
(14, 'Văn học Anh', 2, 0),
(15, 'Văn học Pháp', 2, 0),
(16, 'Văn học Nhật', 2, 0),
(17, 'Văn học các nước khác', 2, 0),
(18, 'Bí Quyết Thành Công', 3, 0),
(19, 'Kinh Nghiệm doanh nhân', 3, 0),
(20, 'Quản trị kinh doanh', 3, 0),
(21, 'Kỹ năng mềm - Khởi nghiệp', 3, 0),
(22, 'Lãnh đạo quản lý', 3, 0),
(23, 'Marketing - Bán hàng', 3, 0),
(24, 'Phân tích thị trường', 3, 0),
(25, 'Sách khởi nghiệp', 3, 0),
(26, 'Thể loại khác', 3, 0),
(27, 'Chứng khoán, đầu tư', 3, 0),
(28, 'Nuôi dạy con', 4, 0),
(29, 'Kỹ năng - sống tư', 4, 0),
(30, 'Tuổi teen', 4, 0),
(31, 'Học ngoại ngữ - Từ Điển', 4, 0),
(32, 'Chăm sóc gia đình - Nấu ăn', 4, 0),
(33, 'Thể loại Khác', 4, 0),
(34, 'Sách Ngoại Văn', 4, 0),
(35, 'Làm cha mẹ', 4, 0),
(36, 'Chăm Sóc Sức Khỏe', 4, 0),
(37, 'Sách học sinh tham khảo', 4, 0),
(38, 'Sách bán chạy', 5, 0),
(39, 'Sách tô màu', 5, 0),
(40, 'Sách hay nên đọc', 5, 0),
(41, 'Sách cho bà bầu', 5, 0),
(42, 'Sách đoạt giải', 5, 0),
(43, 'Sách bán chạy 2016', 5, 0),
(44, 'Combo Sách Kinh Tế Hay', 5, 0),
(45, 'Sách Hay Cho Phụ Nữ', 5, 0),
(46, 'Sách hay cho ngày 20/11', 5, 0),
(47, 'Kiến thức - Kỹ năng', 6, 0),
(48, 'Truyện tranh', 6, 0),
(49, 'Nhà trẻ - Mẫu giáo (0-6 tuổi)', 6, 0),
(50, 'Nhi Đồng (6-11 tuổi)', 6, 0),
(51, 'Thiếu Niên (11-15 tuổi)', 6, 0),
(52, 'Ehon Nhật Bản', 6, 0),
(53, 'Hạt Giống Tâm Hồn', 6, 0),
(54, 'Phong thủy - nhà cửa', 7, 0),
(55, 'Chính trị - Triết học', 7, 0),
(56, 'Kỹ thuật - Khoa học tự nhiên', 7, 0),
(57, 'Pháp luật', 7, 0),
(58, 'Lịch sử - Địa Lý', 7, 0),
(59, 'Y học', 7, 0),
(60, 'Lĩnh vực khác', 7, 0),
(61, 'Du lịch - Văn hóa', 8, 0),
(62, 'Nghệ Thuật', 8, 0),
(63, 'Tâm Tĩnh', 8, 0),
(64, 'Danh nhãn - Người nổi tiếng', 8, 0);

--
-- Chỉ mục cho các bảng đã đổ
--

--
-- Chỉ mục cho bảng `account`
--
ALTER TABLE `account`
  ADD PRIMARY KEY (`email`);

--
-- Chỉ mục cho bảng `bill`
--
ALTER TABLE `bill`
  ADD PRIMARY KEY (`idbill`);

--
-- Chỉ mục cho bảng `billinfo`
--
ALTER TABLE `billinfo`
  ADD PRIMARY KEY (`idbillinfo`);

--
-- Chỉ mục cho bảng `book`
--
ALTER TABLE `book`
  ADD PRIMARY KEY (`idbook`);

--
-- Chỉ mục cho bảng `category`
--
ALTER TABLE `category`
  ADD PRIMARY KEY (`idcategory`);

--
-- Chỉ mục cho bảng `city`
--
ALTER TABLE `city`
  ADD PRIMARY KEY (`idcity`);

--
-- Chỉ mục cho bảng `db_type`
--
ALTER TABLE `db_type`
  ADD PRIMARY KEY (`idtype`);

--
-- AUTO_INCREMENT cho các bảng đã đổ
--

--
-- AUTO_INCREMENT cho bảng `city`
--
ALTER TABLE `city`
  MODIFY `idcity` int(11) NOT NULL AUTO_INCREMENT, AUTO_INCREMENT=63;
/*!40101 SET CHARACTER_SET_CLIENT=@OLD_CHARACTER_SET_CLIENT */;
/*!40101 SET CHARACTER_SET_RESULTS=@OLD_CHARACTER_SET_RESULTS */;
/*!40101 SET COLLATION_CONNECTION=@OLD_COLLATION_CONNECTION */;
